{"utilization": 0.096563754, "y_0": 0.0, "y_1": 5.813314, "y_10": 0.0, "y_100": 0.0, "y_101": 0.0, "y_102": 0.0, "y_103": 0.0, "y_104": 6.71626, "y_105": -11.128125, "y_106": 0.0, "y_107": 0.0, "y_108": 0.0, "y_109": 0.0, "y_11": 0.196683, "y_110": -6.141704, "y_111": 0.0, "y_112": 0.0, "y_113": 0.0, "y_114": 0.0, "y_115": 0.0, "y_116": 0.0, "y_117": 0.0, "y_118": 0.0, "y_119": 49.801043, "y_12": 0.0, "y_120": 0.0, "y_121": -0.057771, "y_122": 0.0, "y_123": -0.057771, "y_124": 0.057771, "y_125": 0.0, "y_126": 7.355931, "y_127": -59.233704, "y_128": 0.0, "y_129": -13.307152, "y_13": 0.0, "y_130": -97.06605, "y_131": 0.0, "y_132": 0.0, "y_133": 94.26298, "y_134": 0.0, "y_135": 0.0, "y_136": -52.137613, "y_137": 0.0, "y_138": 0.0, "y_139": 0.0, "y_14": 0.0, "y_140": 9.674205, "y_141": 0.0, "y_142": 29.69515, "y_143": 0.0, "y_144": 0.0, "y_145": 0.0, "y_146": 0.0, "y_147": -10.136573, "y_148": 0.0, "y_149": 0.0, "y_15": 0.0, "y_150": 0.331536, "y_151": 9.6780878e-13, "y_152": 0.0, "y_153": 0.0, "y_154": 0.0, "y_155": 0.0, "y_156": 0.0, "y_157": -20.906335, "y_158": 0.0, "y_159": 12.996983, "y_16": 1.653585, "y_160": 0.0, "y_161": 0.0, "y_162": 0.0, "y_163": -159.39151, "y_164": 0.0, "y_165": 0.0, "y_166": -5.944053, "y_167": -5.944053, "y_168": 0.0, "y_169": 0.0, "y_17": 0.0, "y_170": 0.0, "y_171": 0.0, "y_172": 0.0, "y_173": 0.0, "y_174": 0.0, "y_175": 0.0, "y_176": 0.0, "y_177": -0.725683, "y_178": 149.86309, "y_179": 0.0, "y_18": 0.0, "y_180": 4.58801, "y_181": 4.187031, "y_182": 0.0, "y_183": -37.484591, "y_184": 45.858653, "y_185": 0.0, "y_186": 0.0, "y_187": 0.0, "y_188": 0.0, "y_189": -97.59884, "y_19": 0.0, "y_190": 2.729027, "y_191": 0.0, "y_192": 0.0, "y_193": 0.0, "y_194": -14.035709, "y_195": 0.0, "y_196": -116.42879, "y_197": 0.0, "y_198": 0.0, "y_199": 0.0, "y_2": 0.059888, "y_20": 0.0, "y_200": 0.0, "y_201": 0.0, "y_202": 0.0, "y_203": 0.0, "y_204": 0.0, "y_205": 0.0, "y_206": 0.0, "y_207": 0.0, "y_208": 0.0, "y_209": 73.787906, "y_21": 0.0, "y_210": 0.0, "y_211": -71.930539, "y_212": -263.88696, "y_213": -71.930539, "y_214": 335.8175, "y_215": 29.764947, "y_216": 0.0, "y_217": 8.495005, "y_218": 0.0, "y_219": 0.0, "y_22": 0.0, "y_220": -82.876178, "y_221": 0.0, "y_222": 0.0, "y_223": 0.0, "y_224": 0.0, "y_225": 0.0, "y_226": 0.0, "y_227": 0.0, "y_228": 16.190256, "y_229": 0.0, "y_23": 0.0, "y_230": 0.0, "y_231": 0.0, "y_232": 0.0, "y_233": 0.0, "y_234": 404.54303, "y_235": -367.12946, "y_236": 0.0, "y_237": 0.0, "y_238": 0.0, "y_239": 0.0, "y_24": 0.0, "y_240": 0.0, "y_241": 2.3638943, "y_242": 0.0, "y_243": 0.0, "y_244": 0.0, "y_245": 3.043531, "y_246": 0.0, "y_247": -90.130741, "y_248": 0.0, "y_249": 74.066187, "y_25": 0.0, "y_250": 0.0, "y_251": 0.0, "y_252": 0.0, "y_253": 0.0, "y_254": 0.0, "y_255": 0.0, "y_256": -37.286541, "y_257": -5.341021, "y_258": -31.94552, "y_259": 0.0, "y_26": 0.0, "y_260": 0.0, "y_261": 0.0, "y_262": 0.0, "y_263": 0.0, "y_264": -40.746363, "y_265": 0.0, "y_266": 0.0, "y_267": 0.0, "y_268": 0.0, "y_269": 292.26291, "y_27": 0.0, "y_270": 0.0, "y_271": 1.021581, "y_272": 0.0, "y_273": 0.0, "y_274": 0.0, "y_275": 0.0, "y_276": 0.0, "y_277": 0.0, "y_278": 0.0, "y_279": 0.0, "y_28": 0.0, "y_280": 0.0, "y_281": 0.0, "y_282": 0.0, "y_283": 0.0, "y_284": 3.6870173, "y_285": 0.0, "y_286": 0.0, "y_287": 0.0, "y_288": 2.2810825, "y_289": 0.0, "y_29": 0.0, "y_290": 0.0, "y_291": 0.0, "y_292": 0.0, "y_293": 0.0, "y_294": 0.0, "y_295": 0.0, "y_296": -11.437, "y_297": 56.521693, "y_298": 0.0, "y_299": 4.632736, "y_3": -5.873202, "y_30": 0.0, "y_300": 0.0, "y_301": 0.0, "y_302": 0.0, "y_303": 0.0, "y_304": 0.0, "y_305": 0.0, "y_306": 0.0, "y_307": -217.69842, "y_308": 0.0, "y_309": 0.0, "y_31": -0.0001, "y_310": 0.0, "y_311": 0.0, "y_312": 0.0, "y_313": 0.0, "y_314": -197.53724, "y_315": 0.0, "y_316": 0.0, "y_317": 0.0, "y_318": -212.42766, "y_319": 108.69814, "y_32": 0.0, "y_320": 0.0, "y_321": 182.02295, "y_322": 0.0, "y_323": 0.0, "y_324": 78.113328, "y_325": 0.0, "y_326": -226.89428, "y_327": 0.0, "y_328": -5.032176, "y_329": 0.0, "y_33": 0.0, "y_330": 0.0, "y_331": 0.0, "y_332": -220.717, "y_333": 0.0, "y_334": 0.0, "y_335": 0.0, "y_336": -46.811008, "y_337": 0.0, "y_338": -8.283037, "y_339": -8.283037, "y_34": 0.0, "y_340": 0.0, "y_341": 0.0, "y_342": 0.0, "y_343": 0.0, "y_344": -62.258368, "y_345": 0.0, "y_346": 8.706829, "y_347": 0.0, "y_348": 0.0, "y_349": 217.81808, "y_35": 0.0, "y_350": 0.0, "y_351": 0.0, "y_352": 0.0, "y_353": -78.599119, "y_354": 166.78669, "y_355": 0.0, "y_356": 0.0, "y_357": 0.0, "y_358": -261.12652, "y_359": 0.0, "y_36": 0.0, "y_37": 0.0, "y_38": 0.0, "y_39": 2.4594225, "y_4": 0.059888, "y_40": 0.0, "y_41": 154.00497, "y_42": 0.0, "y_43": 163.18257, "y_44": 0.0, "y_45": 0.0, "y_46": 0.0, "y_47": 0.0, "y_48": 156.88717, "y_49": 151.439, "y_5": 5.073719, "y_50": 0.0, "y_51": 0.0, "y_52": 0.0, "y_53": 0.0, "y_54": 143.49085, "y_55": 0.0, "y_56": 0.0, "y_57": 143.26947, "y_58": 0.0, "y_59": 0.0, "y_6": 0.0, "y_60": 0.0, "y_61": 1.2350816e-12, "y_62": 0.0, "y_63": 0.0, "y_64": 0.0, "y_65": 0.0, "y_66": 0.0, "y_67": 391.90631, "y_68": 0.0, "y_69": 391.90631, "y_7": 1.292275, "y_70": 0.0, "y_71": 0.0, "y_72": 0.0, "y_73": -14.676653, "y_74": 0.0, "y_75": 0.0, "y_76": 718.41709, "y_77": -174.23688, "y_78": -110.38686, "y_79": 144.07428, "y_8": 0.0, "y_80": 0.0, "y_81": 622.30195, "y_82": 0.0, "y_83": 0.0, "y_84": 3.242979, "y_85": 0.0, "y_86": 0.0, "y_87": 0.0, "y_88": 0.0, "y_89": 537.42784, "y_9": 1.292275, "y_90": 4.4141645, "y_91": 4.3204255, "y_92": 0.0, "y_93": 0.0, "y_94": 8.640851, "y_95": 0.0, "y_96": -91.097467, "y_97": 0.0, "y_98": 0.0, "y_99": -159.91723}