{"utilization": 0.10503581, "y_0": 0.0, "y_1": 6.822365, "y_10": -3.082482, "y_100": 105.81813, "y_101": 0.0, "y_102": 0.0, "y_103": -112.92923, "y_104": -112.92923, "y_105": 0.0, "y_106": 0.0, "y_107": 0.0, "y_108": -239.93587, "y_109": 101.20888, "y_11": 3.082482, "y_110": -91.621059, "y_111": 0.0, "y_112": 0.0, "y_113": 0.0, "y_114": 0.0, "y_115": 0.0, "y_116": 0.0, "y_117": 10.279003, "y_118": 0.0, "y_119": 53.186661, "y_12": 3.082482, "y_120": 0.0, "y_121": 0.0, "y_122": 0.0, "y_123": 0.0, "y_124": 0.0, "y_125": 0.0, "y_126": 0.0, "y_127": -7.49132, "y_128": 0.0, "y_129": -7.49132, "y_13": 0.0, "y_130": -101.53801, "y_131": 0.0, "y_132": 0.0, "y_133": 98.696651, "y_134": -93.718891, "y_135": 0.0, "y_136": 0.0, "y_137": 0.0, "y_138": 0.0, "y_139": 0.0, "y_14": 0.0, "y_140": 0.0, "y_141": 85.74956, "y_142": 0.0, "y_143": 0.250653, "y_144": 0.0, "y_145": 0.0, "y_146": -36.156853, "y_147": 0.0, "y_148": 0.0, "y_149": 12.636568, "y_15": 0.0, "y_150": 0.452517, "y_151": 0.0, "y_152": 0.0, "y_153": 0.0, "y_154": 0.0, "y_155": 0.0, "y_156": 28.479656, "y_157": 0.0, "y_158": 0.0, "y_159": 13.309571, "y_16": 7.23135, "y_160": 0.0, "y_161": -11.00592, "y_162": 19.116544, "y_163": -180.21091, "y_164": 0.0, "y_165": 0.0, "y_166": 0.0, "y_167": 0.0, "y_168": 0.0, "y_169": 0.0, "y_17": 0.0, "y_170": 0.0, "y_171": 0.0, "y_172": 0.0, "y_173": 0.0, "y_174": -36.351984, "y_175": 0.0, "y_176": 0.0, "y_177": 0.0, "y_178": 165.48747, "y_179": 0.0, "y_18": 0.0, "y_180": 0.0, "y_181": 2.2703957, "y_182": 0.0, "y_183": 0.0, "y_184": 4.5407913, "y_185": 0.0, "y_186": 0.0, "y_187": 0.0, "y_188": 0.0, "y_189": -103.14495, "y_19": 0.0, "y_190": 0.0, "y_191": 0.0, "y_192": 0.0, "y_193": 0.0, "y_194": 4.9832213, "y_195": 0.0, "y_196": -120.60843, "y_197": 0.0, "y_198": 0.0, "y_199": 0.0, "y_2": 2.964186, "y_20": 0.0, "y_200": 0.0, "y_201": -18.343472, "y_202": 0.0, "y_203": 0.0, "y_204": -10.298979, "y_205": 0.0, "y_206": 0.0, "y_207": -94.667248, "y_208": 0.0, "y_209": 37.541852, "y_21": 0.0, "y_210": 1.22872, "y_211": 0.0, "y_212": 0.0, "y_213": 0.0, "y_214": 0.0, "y_215": -78.730085, "y_216": 0.0, "y_217": 9.575632, "y_218": 0.0, "y_219": 0.0, "y_22": 1.412885, "y_220": 49.377969, "y_221": 0.0, "y_222": 0.0, "y_223": 0.0, "y_224": 0.0, "y_225": 0.0, "y_226": 0.0, "y_227": 0.0, "y_228": 0.0, "y_229": 0.0, "y_23": 0.0, "y_230": 0.0, "y_231": -115.48454, "y_232": 0.0, "y_233": 0.0, "y_234": 455.39444, "y_235": -417.61625, "y_236": 0.0, "y_237": 0.0, "y_238": -60.838443, "y_239": 136.58426, "y_24": 0.0, "y_240": 0.0, "y_241": 3.4755163, "y_242": 0.0, "y_243": -146.10714, "y_244": 0.0, "y_245": 0.0, "y_246": 0.0, "y_247": 0.0, "y_248": 0.0, "y_249": 0.0, "y_25": 0.0, "y_250": 0.0, "y_251": 0.0, "y_252": 0.0, "y_253": 0.0, "y_254": -62.480883, "y_255": -62.480883, "y_256": -25.150315, "y_257": 0.0, "y_258": 0.0, "y_259": 0.0, "y_26": 0.0, "y_260": 0.0, "y_261": 0.0, "y_262": 0.0, "y_263": 1.908824, "y_264": 0.0, "y_265": 0.0, "y_266": 0.0, "y_267": 0.0, "y_268": 0.0, "y_269": 284.91688, "y_27": 4.150903, "y_270": 0.0, "y_271": 0.941541, "y_272": -13.811328, "y_273": 0.0, "y_274": 0.0, "y_275": 0.0, "y_276": 0.0, "y_277": 0.0, "y_278": 0.0, "y_279": 0.0, "y_28": 5.027471, "y_280": 0.0, "y_281": 0.0, "y_282": 0.0, "y_283": 0.0, "y_284": -27.374099, "y_285": 0.0, "y_286": 35.148848, "y_287": 0.0, "y_288": -32.164736, "y_289": 12.854952, "y_29": 0.0, "y_290": 0.0, "y_291": 24.896854, "y_292": 0.0, "y_293": 0.0, "y_294": 0.0, "y_295": 0.0, "y_296": -45.826675, "y_297": 55.316859, "y_298": 0.0, "y_299": 18.409518, "y_3": -9.786551, "y_30": 0.0, "y_300": 0.0, "y_301": 259.54284, "y_302": -255.39679, "y_303": 0.0, "y_304": 0.0, "y_305": 0.0, "y_306": 0.0, "y_307": -173.81838, "y_308": 0.0, "y_309": 0.0, "y_31": -0.053333, "y_310": 0.0, "y_311": 0.0, "y_312": 0.0, "y_313": 0.0, "y_314": -44.682235, "y_315": -44.682235, "y_316": -358.3659, "y_317": 251.45621, "y_318": -106.90969, "y_319": 0.0, "y_32": 0.0, "y_320": 0.0, "y_321": 32.303968, "y_322": 0.0, "y_323": 0.0, "y_324": 0.0, "y_325": 0.0, "y_326": 0.0, "y_327": -225.96387, "y_328": 0.0, "y_329": 0.0, "y_33": 0.0, "y_330": 0.0, "y_331": 0.0, "y_332": -240.32255, "y_333": 0.0, "y_334": 0.0, "y_335": 0.0, "y_336": 0.0, "y_337": 0.0, "y_338": 0.0, "y_339": -8.628176, "y_34": 0.0, "y_340": 0.0, "y_341": 0.0, "y_342": 0.0, "y_343": 0.0, "y_344": -8.155741, "y_345": 0.0, "y_346": 46.798608, "y_347": 0.0, "y_348": -39.437293, "y_349": 235.88268, "y_35": 0.0, "y_350": 0.0, "y_351": 0.0, "y_352": 0.0, "y_353": -119.85479, "y_354": 160.89941, "y_355": 0.0, "y_356": 0.0, "y_357": 0.0, "y_358": -291.65308, "y_359": 0.0, "y_36": 0.0, "y_37": -5.597205, "y_38": 0.0, "y_39": -5.597205, "y_4": 2.964186, "y_40": 0.0, "y_41": 2.587477, "y_42": 2.587477, "y_43": 170.3619, "y_44": 0.0, "y_45": 0.0, "y_46": 0.0, "y_47": 0.0, "y_48": 0.0, "y_49": 0.0, "y_5": 0.0, "y_50": 0.0, "y_51": -9.975275, "y_52": 0.0, "y_53": -15.855602, "y_54": -8.35372, "y_55": 0.0, "y_56": 0.0, "y_57": 0.0, "y_58": 0.0, "y_59": 0.0, "y_6": 0.0, "y_60": 0.491827, "y_61": 0.0, "y_62": 0.0, "y_63": 0.0, "y_64": 0.0, "y_65": 0.0, "y_66": 0.0, "y_67": 0.0, "y_68": 0.0, "y_69": 176.04177, "y_7": 4.051951, "y_70": 0.0, "y_71": 0.0, "y_72": 0.0, "y_73": -11.704307, "y_74": 0.0, "y_75": 0.0, "y_76": 287.332, "y_77": -155.49829, "y_78": -96.811504, "y_79": 130.98054, "y_8": 0.0, "y_80": 0.0, "y_81": 593.39189, "y_82": 0.0, "y_83": 0.0, "y_84": 0.0, "y_85": 0.0, "y_86": 0.0, "y_87": -3.785824, "y_88": 0.0, "y_89": 498.67952, "y_9": 4.051951, "y_90": 0.083968, "y_91": 0.0, "y_92": -1.714346e-12, "y_93": 0.0, "y_94": 0.0, "y_95": 0.0, "y_96": -94.993981, "y_97": -251.64752, "y_98": 79.848221, "y_99": 0.0}