{"utilization": 0.11024146, "y_0": -8.628949, "y_1": 0.0, "y_10": 7.382869, "y_100": 112.52566, "y_101": 0.0, "y_102": -108.62675, "y_103": 0.0, "y_104": 0.0, "y_105": 0.0, "y_106": 0.0, "y_107": 0.0, "y_108": -131.39457, "y_109": 0.0, "y_11": 0.241848, "y_110": -92.720128, "y_111": -7.292067, "y_112": 0.0, "y_113": 0.0, "y_114": 0.0, "y_115": -6.834939, "y_116": 0.0, "y_117": 0.0, "y_118": 0.0, "y_119": 47.527661, "y_12": 0.241848, "y_120": 0.0, "y_121": -1.296504, "y_122": 0.0, "y_123": -1.296504, "y_124": -1.296504, "y_125": 0.0, "y_126": 0.0, "y_127": 0.0, "y_128": 0.0, "y_129": 0.0, "y_13": 0.0, "y_130": -130.66529, "y_131": 0.0, "y_132": 0.0, "y_133": 119.54533, "y_134": 0.0, "y_135": 0.0, "y_136": 0.0, "y_137": 0.0, "y_138": 98.901063, "y_139": 0.0, "y_14": 0.0, "y_140": 0.0, "y_141": -14.042189, "y_142": 0.0, "y_143": 0.0, "y_144": 0.0, "y_145": 0.0, "y_146": -17.76456, "y_147": 0.0, "y_148": 0.0, "y_149": 11.410661, "y_15": 0.0, "y_150": 0.0, "y_151": 1.1928806e-12, "y_152": 0.0, "y_153": 0.0, "y_154": 0.0, "y_155": 0.0, "y_156": 0.0, "y_157": 0.0, "y_158": 0.0, "y_159": 13.99099, "y_16": 0.0, "y_160": 0.0, "y_161": -18.725149, "y_162": 0.0, "y_163": -206.99519, "y_164": 0.0, "y_165": 0.0, "y_166": 0.0, "y_167": 0.0, "y_168": 0.0, "y_169": -31.129749, "y_17": 0.0, "y_170": 0.0, "y_171": 0.0, "y_172": 174.8919, "y_173": 0.0, "y_174": 0.0, "y_175": 0.0, "y_176": 0.0, "y_177": -2.790659, "y_178": 193.78431, "y_179": 0.0, "y_18": 0.0, "y_180": 0.0, "y_181": 1.4171653, "y_182": 0.0, "y_183": 100.7028, "y_184": 0.0, "y_185": 0.0, "y_186": 0.0, "y_187": 0.0, "y_188": 0.0, "y_189": 5.0638135, "y_19": 0.0, "y_190": 0.0, "y_191": 0.0, "y_192": 0.0, "y_193": 0.0, "y_194": 0.0, "y_195": 0.0, "y_196": 0.0, "y_197": 0.0, "y_198": -113.9373, "y_199": 0.0, "y_2": 0.0, "y_20": 0.0, "y_200": 0.0, "y_201": 22.371907, "y_202": 0.0, "y_203": 0.0, "y_204": -10.426139, "y_205": 0.0, "y_206": 0.0, "y_207": 0.0, "y_208": 0.0, "y_209": 0.0, "y_21": 0.0, "y_210": 34.995258, "y_211": 33.732317, "y_212": -67.464634, "y_213": 33.732317, "y_214": 33.732317, "y_215": 0.0, "y_216": 0.0, "y_217": 0.0, "y_218": 0.0, "y_219": -50.208458, "y_22": 0.0, "y_220": -29.955805, "y_221": 0.0, "y_222": 0.0, "y_223": 0.0, "y_224": 0.0, "y_225": 0.0, "y_226": 0.0, "y_227": 0.0, "y_228": 0.0, "y_229": 0.0, "y_23": 0.0, "y_230": 0.0, "y_231": 0.0, "y_232": 0.0, "y_233": 0.0, "y_234": 395.5531, "y_235": 21.498679, "y_236": 0.0, "y_237": 0.0, "y_238": 0.0, "y_239": 122.19736, "y_24": -0.477928, "y_240": 0.0, "y_241": 5.6722267, "y_242": 0.0, "y_243": 0.0, "y_244": 153.46036, "y_245": 7.112864, "y_246": 0.0, "y_247": 0.0, "y_248": 0.0, "y_249": 18.97263, "y_25": -0.163199, "y_250": 0.0, "y_251": 9.155232, "y_252": 0.0, "y_253": 0.0, "y_254": 0.0, "y_255": 15.123586, "y_256": 17.543217, "y_257": 0.0, "y_258": 0.0, "y_259": 0.0, "y_26": 0.0, "y_260": 43.239507, "y_261": 0.0, "y_262": 0.0, "y_263": 0.0, "y_264": 0.0, "y_265": 0.0, "y_266": 0.0, "y_267": -44.700238, "y_268": 0.0, "y_269": 317.38835, "y_27": 0.0, "y_270": 0.0, "y_271": -0.026667, "y_272": 0.0, "y_273": 0.0, "y_274": 0.0, "y_275": 0.0, "y_276": 0.0, "y_277": 0.0, "y_278": 0.0, "y_279": 0.0, "y_28": 0.0, "y_280": 0.0, "y_281": 0.0, "y_282": 0.0, "y_283": -1.173, "y_284": -2.778907, "y_285": -22.434763, "y_286": 0.0, "y_287": 0.0, "y_288": -10.237371, "y_289": -0.497675, "y_29": 0.0, "y_290": 0.0, "y_291": 0.0, "y_292": 0.0, "y_293": 0.0, "y_294": 0.0, "y_295": -54.818206, "y_296": -11.067293, "y_297": 0.0, "y_298": 0.0, "y_299": 0.0, "y_3": 0.0, "y_30": 0.0, "y_300": 184.80357, "y_301": 0.0, "y_302": -2.509571, "y_303": 0.0, "y_304": 0.0, "y_305": 0.0, "y_306": 0.0, "y_307": -204.73642, "y_308": 0.0, "y_309": 0.0, "y_31": -0.462421, "y_310": 0.0, "y_311": 0.0, "y_312": 0.0, "y_313": -190.35241, "y_314": 9.7998535, "y_315": 200.15226, "y_316": 0.0, "y_317": 0.0, "y_318": 0.0, "y_319": 0.0, "y_32": 0.0, "y_320": 0.0, "y_321": 0.0, "y_322": 0.0, "y_323": 0.0, "y_324": 66.327475, "y_325": 0.0, "y_326": -209.90942, "y_327": 0.0, "y_328": 0.0, "y_329": 35.893179, "y_33": 0.0, "y_330": 0.0, "y_331": 16.276062, "y_332": -233.53001, "y_333": 0.0, "y_334": 249.80607, "y_335": 0.0, "y_336": 0.0, "y_337": 24.270062, "y_338": 0.0, "y_339": 24.270062, "y_34": 0.0, "y_340": 0.0, "y_341": 0.0, "y_342": 0.0, "y_343": 0.0, "y_344": 0.0, "y_345": 0.0, "y_346": 0.0, "y_347": 0.0, "y_348": -21.497584, "y_349": 228.53761, "y_35": 0.0, "y_350": 0.0, "y_351": 75.114205, "y_352": 0.0, "y_353": 0.0, "y_354": 0.0, "y_355": 0.0, "y_356": 0.0, "y_357": 0.0, "y_358": 0.0, "y_359": 0.0, "y_36": 4.991579, "y_37": 0.0, "y_38": 0.0, "y_39": 2.4717975, "y_4": 0.0, "y_40": 0.0, "y_41": 4.145029, "y_42": 4.145029, "y_43": 210.67496, "y_44": 0.0, "y_45": 0.0, "y_46": 0.0, "y_47": 0.0, "y_48": 196.83756, "y_49": 0.0, "y_5": 0.0, "y_50": 0.0, "y_51": 0.0, "y_52": 0.0, "y_53": 0.0, "y_54": -15.883058, "y_55": 0.0, "y_56": 0.0, "y_57": -16.664578, "y_58": 0.0, "y_59": 134.92765, "y_6": 0.332416, "y_60": 0.0, "y_61": 6.503431, "y_62": 0.0, "y_63": -820.7094, "y_64": 0.0, "y_65": 0.0, "y_66": 0.0, "y_67": 0.0, "y_68": 0.0, "y_69": -46.496336, "y_7": 0.667844, "y_70": 0.0, "y_71": 100.50399, "y_72": 0.0, "y_73": 0.0, "y_74": 0.0, "y_75": -448.62361, "y_76": -160.16798, "y_77": 0.0, "y_78": -160.16798, "y_79": 75.334875, "y_8": -0.667794, "y_80": 0.0, "y_81": 523.64382, "y_82": 0.0, "y_83": 0.0, "y_84": 0.0, "y_85": 0.0, "y_86": 0.0, "y_87": 0.0, "y_88": 0.0, "y_89": 424.25044, "y_9": 5e-05, "y_90": 60.077763, "y_91": 59.95095, "y_92": 0.0, "y_93": 119.9019, "y_94": 0.0, "y_95": 0.0, "y_96": 0.0, "y_97": -145.93209, "y_98": 0.0, "y_99": 0.0}