{"utilization": 0.21231299, "y_0": 0.0, "y_1": 9.156818, "y_10": 0.0, "y_100": 0.0, "y_101": -215.69092, "y_102": 0.0, "y_103": 0.0, "y_104": -13.119531, "y_105": 0.0, "y_106": 0.0, "y_107": 0.0, "y_108": -101.17048, "y_109": -218.82227, "y_11": -0.079291, "y_110": 0.0, "y_111": 0.0, "y_112": 0.0, "y_113": 0.0, "y_114": 0.0, "y_115": 0.0, "y_116": 0.0, "y_117": -157.92345, "y_118": 0.0, "y_119": 0.0, "y_12": -0.079291, "y_120": 0.0, "y_121": -0.241309, "y_122": 0.0, "y_123": -0.241309, "y_124": -0.241309, "y_125": 0.0, "y_126": 0.0, "y_127": 0.0, "y_128": 0.0, "y_129": 9.2278425, "y_13": 0.0, "y_130": -94.782642, "y_131": 0.0, "y_132": 0.0, "y_133": 91.146602, "y_134": 0.0, "y_135": 0.0, "y_136": 0.0, "y_137": 0.0, "y_138": 85.478202, "y_139": 0.0, "y_14": 0.0, "y_140": 0.0, "y_141": 0.0, "y_142": 0.0, "y_143": 0.0, "y_144": 0.0, "y_145": 0.0, "y_146": 0.0, "y_147": -0.768456, "y_148": 0.0, "y_149": 17.656294, "y_15": 0.0, "y_150": 0.0, "y_151": 4.3877777, "y_152": 0.0, "y_153": 0.0, "y_154": 0.0, "y_155": 0.0, "y_156": 0.0, "y_157": 0.0, "y_158": 0.0, "y_159": 12.720753, "y_16": 0.0, "y_160": 0.0, "y_161": -14.808547, "y_162": 0.0, "y_163": 0.0, "y_164": -182.93954, "y_165": 0.0, "y_166": 0.0, "y_167": 0.0, "y_168": 0.0, "y_169": 0.0, "y_17": 0.0, "y_170": 0.0, "y_171": 165.41546, "y_172": 0.0, "y_173": 0.0, "y_174": 0.0, "y_175": 0.0, "y_176": 0.0, "y_177": -1.127477, "y_178": 0.0, "y_179": 29.177875, "y_18": 0.0, "y_180": 0.0, "y_181": 7.164035, "y_182": -3.486979, "y_183": 0.0, "y_184": 0.0, "y_185": 0.0, "y_186": 0.0, "y_187": 0.0, "y_188": 0.0, "y_189": 2.5251371e-15, "y_19": 2.6905157, "y_190": 0.0, "y_191": 0.0, "y_192": 0.0, "y_193": 0.0, "y_194": -101.50659, "y_195": 0.0, "y_196": 0.0, "y_197": 0.0, "y_198": -118.48005, "y_199": 0.0, "y_2": -4.5784147, "y_20": 0.0, "y_200": 0.0, "y_201": 89.564712, "y_202": 0.0, "y_203": 0.675968, "y_204": 0.0, "y_205": 0.0, "y_206": -16.244099, "y_207": 0.0, "y_208": 0.0, "y_209": 70.589173, "y_21": 0.0, "y_210": 0.0, "y_211": 0.0, "y_212": -281.40139, "y_213": 0.0, "y_214": 0.0, "y_215": 36.810645, "y_216": 0.0, "y_217": 0.0, "y_218": 0.0, "y_219": 0.0, "y_22": 0.0, "y_220": -136.9804, "y_221": 0.0, "y_222": 0.0, "y_223": 120.42338, "y_224": 0.0, "y_225": 0.0, "y_226": 8.229581, "y_227": 0.0, "y_228": 0.0, "y_229": 0.0, "y_23": 0.0, "y_230": 0.0, "y_231": 0.0, "y_232": 0.0, "y_233": 0.0, "y_234": 377.19488, "y_235": 19.058874, "y_236": -13.364517, "y_237": 0.0, "y_238": 0.0, "y_239": 0.0, "y_24": 0.0, "y_240": 1.847413, "y_241": 0.0, "y_242": 0.0, "y_243": 0.0, "y_244": 0.0, "y_245": 240.6736, "y_246": 0.0, "y_247": 235.43163, "y_248": 0.0, "y_249": 235.43163, "y_25": 0.0, "y_250": 0.0, "y_251": 0.0, "y_252": 0.0, "y_253": 137.28745, "y_254": 0.0, "y_255": 137.28745, "y_256": 191.30198, "y_257": 191.30198, "y_258": 0.0, "y_259": -197.15813, "y_26": 0.0, "y_260": 0.0, "y_261": 0.0, "y_262": 0.0, "y_263": 0.0, "y_264": 0.0, "y_265": 0.0, "y_266": 256.38367, "y_267": -1.572061, "y_268": -146.76087, "y_269": 291.66833, "y_27": 0.0, "y_270": 0.0, "y_271": 0.34788633, "y_272": 0.0, "y_273": 0.0, "y_274": 0.69577267, "y_275": 0.0, "y_276": 0.0, "y_277": 0.0, "y_278": 0.0, "y_279": 0.0, "y_28": -4.6119006, "y_280": 0.0, "y_281": 0.0, "y_282": 0.0, "y_283": 0.0, "y_284": 1.371608, "y_285": -2.15812, "y_286": 29.161572, "y_287": -29.161572, "y_288": 0.0, "y_289": 8.196261, "y_29": 0.0, "y_290": 0.0, "y_291": 9.7265357, "y_292": -3.0814877, "y_293": 0.0, "y_294": 0.0, "y_295": 0.0, "y_296": -42.180239, "y_297": 58.889199, "y_298": 0.0, "y_299": 0.0, "y_3": -4.5784147, "y_30": 0.0, "y_300": 0.0, "y_301": 1.7313243, "y_302": 0.0, "y_303": -34.602033, "y_304": 0.0, "y_305": 0.0, "y_306": 0.0, "y_307": -216.06706, "y_308": 0.0, "y_309": 0.0, "y_31": 0.0, "y_310": 0.0, "y_311": 0.0, "y_312": 0.0, "y_313": 0.0, "y_314": -9.047459, "y_315": 211.36624, "y_316": 0.0, "y_317": 0.0, "y_318": 0.0, "y_319": 0.0, "y_32": 0.0, "y_320": 0.0, "y_321": 0.0, "y_322": 0.0, "y_323": 0.0, "y_324": 80.725579, "y_325": 0.0, "y_326": -223.77209, "y_327": 0.0, "y_328": 0.0, "y_329": 0.0, "y_33": 0.0, "y_330": 0.0, "y_331": -3.872707, "y_332": -203.10895, "y_333": 0.0, "y_334": 0.0, "y_335": 0.0, "y_336": 0.0, "y_337": 0.0, "y_338": 0.0, "y_339": -9.301267, "y_34": 0.0, "y_340": 0.0, "y_341": 0.0, "y_342": 0.0, "y_343": 0.0, "y_344": 0.0, "y_345": 0.0, "y_346": 27.959403, "y_347": 0.0, "y_348": -18.435992, "y_349": 199.49973, "y_35": 0.0, "y_350": 0.0, "y_351": 53.831603, "y_352": 0.0, "y_353": -99.555249, "y_354": 154.63559, "y_355": 0.0, "y_356": 0.0, "y_357": 0.0, "y_358": -264.39137, "y_359": 0.0, "y_36": 0.0, "y_37": 0.0, "y_38": 0.0, "y_39": -155.68153, "y_4": -4.5784147, "y_40": 0.0, "y_41": 4.588363, "y_42": 4.588363, "y_43": 177.67877, "y_44": 0.0, "y_45": 0.0, "y_46": -160.4608, "y_47": 0.0, "y_48": 170.30144, "y_49": 0.0, "y_5": 0.0, "y_50": 0.0, "y_51": 133.77193, "y_52": -110.90828, "y_53": 0.0, "y_54": 0.0, "y_55": 0.0, "y_56": 0.0, "y_57": -150.49682, "y_58": 0.0, "y_59": 0.0, "y_6": 0.0, "y_60": 46.924248, "y_61": 45.951845, "y_62": 0.0, "y_63": 91.903691, "y_64": 0.0, "y_65": 0.0, "y_66": 0.0, "y_67": 0.0, "y_68": 0.0, "y_69": 0.0, "y_7": 0.0, "y_70": 0.0, "y_71": 0.0, "y_72": 0.0, "y_73": 0.0, "y_74": 0.0, "y_75": 148.66367, "y_76": 91.399813, "y_77": 0.0, "y_78": 91.399813, "y_79": 0.0, "y_8": 0.0, "y_80": 0.0, "y_81": 586.1176, "y_82": 0.0, "y_83": 0.0, "y_84": -106.23313, "y_85": 0.0, "y_86": -154.56753, "y_87": 204.747, "y_88": 73.015653, "y_89": 0.0, "y_9": 0.7310935, "y_90": 3.3191795, "y_91": 3.2658465, "y_92": 0.0, "y_93": 48.724613, "y_94": -42.19292, "y_95": 0.0, "y_96": 0.0, "y_97": 0.0, "y_98": 0.0, "y_99": -165.52216}