{"utilization": 0.088826657, "y_0": 0.0, "y_1": 12.719143, "y_10": -6.937048, "y_100": 0.0, "y_101": 0.0, "y_102": 0.0, "y_103": -7.100377, "y_104": 8.8237895, "y_105": -15.612075, "y_106": 0.0, "y_107": 0.0, "y_108": 0.0, "y_109": 0.0, "y_11": 1.383043, "y_110": -3.617755, "y_111": 0.0, "y_112": 0.0, "y_113": 0.0, "y_114": 0.0, "y_115": 0.0, "y_116": 0.0, "y_117": 0.0, "y_118": 0.0, "y_119": 28.99196, "y_12": 1.383043, "y_120": 0.0, "y_121": 33.869424, "y_122": 0.0, "y_123": 33.869424, "y_124": -33.869424, "y_125": 0.0, "y_126": 0.0, "y_127": -8.030509, "y_128": 92.325972, "y_129": 84.295463, "y_13": 0.0, "y_130": -147.99271, "y_131": 0.0, "y_132": 0.0, "y_133": 179.87447, "y_134": -138.49268, "y_135": 0.0, "y_136": 0.0, "y_137": 0.0, "y_138": 0.0, "y_139": 0.0, "y_14": 0.0, "y_140": 0.0, "y_141": 0.0, "y_142": 22.352141, "y_143": 154.8135, "y_144": -61.911496, "y_145": 0.0, "y_146": 0.0, "y_147": 0.0, "y_148": 0.0, "y_149": 0.0, "y_15": 0.0, "y_150": 0.0, "y_151": 0.0, "y_152": 0.0, "y_153": 0.0, "y_154": 157.06798, "y_155": 0.0, "y_156": 0.0, "y_157": -54.724857, "y_158": 0.0, "y_159": 80.422446, "y_16": 0.0, "y_160": 0.0, "y_161": 39.068886, "y_162": 0.0, "y_163": -202.38179, "y_164": 0.0, "y_165": 0.0, "y_166": 0.0, "y_167": 0.0, "y_168": 0.0, "y_169": 24.336523, "y_17": 0.0, "y_170": 0.0, "y_171": 41.052403, "y_172": 0.0, "y_173": 0.0, "y_174": 0.0, "y_175": 0.0, "y_176": 0.0, "y_177": 0.0, "y_178": 187.13083, "y_179": 0.0, "y_18": 0.0, "y_180": 0.0, "y_181": 0.0, "y_182": 0.0, "y_183": 0.0, "y_184": 0.0, "y_185": -11.730864, "y_186": 0.0, "y_187": 0.0, "y_188": 0.0, "y_189": -109.10011, "y_19": 0.0, "y_190": 0.0, "y_191": 0.0, "y_192": 0.0, "y_193": -3.610552, "y_194": 0.0, "y_195": 0.0, "y_196": -123.87976, "y_197": 0.0, "y_198": 0.0, "y_199": 0.0, "y_2": 0.0, "y_20": 0.0, "y_200": -1.234189, "y_201": -30.24352, "y_202": 52.474757, "y_203": 0.0, "y_204": 0.0, "y_205": 0.0, "y_206": 0.0, "y_207": 0.0, "y_208": 0.0, "y_209": 0.0, "y_21": 0.0, "y_210": 0.0, "y_211": 0.0, "y_212": 0.0, "y_213": 0.0, "y_214": 0.0, "y_215": 0.0, "y_216": 0.0, "y_217": -7.045267, "y_218": 0.0, "y_219": 0.0, "y_22": 3.198579, "y_220": -357.41836, "y_221": 0.0, "y_222": 0.0, "y_223": 344.00898, "y_224": 0.0, "y_225": 0.0, "y_226": 0.0, "y_227": 0.0, "y_228": 0.0, "y_229": -453.72416, "y_23": 0.0, "y_230": 0.0, "y_231": -36.689779, "y_232": 0.0, "y_233": 0.0, "y_234": 0.0, "y_235": 19.116136, "y_236": 0.0, "y_237": 0.0, "y_238": 0.0, "y_239": 0.0, "y_24": -2.669086, "y_240": 0.0, "y_241": -16.411218, "y_242": 0.0, "y_243": -32.822437, "y_244": 0.0, "y_245": 0.0, "y_246": 0.0, "y_247": -329.24149, "y_248": 0.0, "y_249": -69.010973, "y_25": 0.0, "y_250": 6.085627, "y_251": 0.0, "y_252": 0.0, "y_253": 0.0, "y_254": 0.0, "y_255": 0.0, "y_256": -158.11886, "y_257": 0.0, "y_258": 0.0, "y_259": 0.0, "y_26": 1.443269, "y_260": 0.0, "y_261": 0.0, "y_262": 0.0, "y_263": 0.0, "y_264": -44.659037, "y_265": 0.0, "y_266": 0.0, "y_267": -46.320365, "y_268": -62.984029, "y_269": 277.02062, "y_27": 0.0, "y_270": 0.0, "y_271": 0.0, "y_272": 0.0, "y_273": 0.0, "y_274": 0.0, "y_275": 0.0, "y_276": 0.0, "y_277": 0.0, "y_278": 0.0, "y_279": 0.0, "y_28": 5.083176, "y_280": 0.243875, "y_281": 0.0, "y_282": 0.0, "y_283": -2.013366, "y_284": -3.697603, "y_285": -22.038863, "y_286": 0.0, "y_287": 0.0, "y_288": -9.480998, "y_289": 0.0, "y_29": 0.0, "y_290": 0.0, "y_291": 0.0, "y_292": 0.0, "y_293": 0.0, "y_294": 0.0, "y_295": 0.0, "y_296": -8.791517, "y_297": 46.780086, "y_298": 0.0, "y_299": 0.0, "y_3": -12.719143, "y_30": 0.0, "y_300": 0.0, "y_301": -0.05036, "y_302": 0.0, "y_303": -0.10072, "y_304": 0.0, "y_305": 0.0, "y_306": 0.0, "y_307": -234.77004, "y_308": 0.0, "y_309": 0.0, "y_31": -0.073368, "y_310": 0.0, "y_311": 0.0, "y_312": 0.0, "y_313": -8.608885, "y_314": 8.8004745, "y_315": 231.59232, "y_316": 0.0, "y_317": 0.0, "y_318": 0.0, "y_319": 0.0, "y_32": 0.0, "y_320": 0.0, "y_321": 0.0, "y_322": 0.0, "y_323": 0.0, "y_324": -36.777464, "y_325": 0.0, "y_326": -239.61479, "y_327": 0.0, "y_328": 0.0, "y_329": 0.0, "y_33": 0.0, "y_330": -227.89965, "y_331": -229.39504, "y_332": -229.39504, "y_333": 0.0, "y_334": 0.0, "y_335": 0.0, "y_336": 0.0, "y_337": -8.997664, "y_338": 0.0, "y_339": 162.9258, "y_34": 0.0, "y_340": 0.0, "y_341": 0.0, "y_342": 0.0, "y_343": 0.0, "y_344": 0.0, "y_345": 0.0, "y_346": 0.0, "y_347": 0.0, "y_348": 0.0, "y_349": 220.54812, "y_35": 0.0, "y_350": 0.0, "y_351": 56.006531, "y_352": 0.0, "y_353": 0.0, "y_354": 173.23731, "y_355": 0.0, "y_356": 0.0, "y_357": 172.84424, "y_358": -276.94135, "y_359": 0.0, "y_36": 8.589619, "y_37": 0.0, "y_38": 0.0, "y_39": 2.377572, "y_4": 0.0, "y_40": 0.0, "y_41": 159.53472, "y_42": 0.0, "y_43": 173.47418, "y_44": 0.0, "y_45": 0.0, "y_46": 0.0, "y_47": 0.0, "y_48": 161.86079, "y_49": 156.66406, "y_5": 11.749396, "y_50": 0.0, "y_51": 0.0, "y_52": 0.0, "y_53": 0.0, "y_54": 0.0, "y_55": 0.0, "y_56": 0.0, "y_57": -0.355995, "y_58": 0.0, "y_59": 113.07266, "y_6": 0.0, "y_60": 0.586456, "y_61": 0.0, "y_62": 670.764, "y_63": -670.764, "y_64": 0.0, "y_65": 0.0, "y_66": 0.0, "y_67": 0.0, "y_68": 0.0, "y_69": -45.742277, "y_7": 0.0, "y_70": 694.12714, "y_71": 0.0, "y_72": 0.0, "y_73": -712.07971, "y_74": 0.0, "y_75": -380.66711, "y_76": -171.71403, "y_77": 0.0, "y_78": -171.71403, "y_79": 0.0, "y_8": 1.164493, "y_80": 0.0, "y_81": 558.22664, "y_82": 0.0, "y_83": 5.499117, "y_84": 0.0, "y_85": 0.0, "y_86": 0.0, "y_87": 0.0, "y_88": 0.0, "y_89": 462.0752, "y_9": 1.164493, "y_90": 0.0, "y_91": -0.373851, "y_92": 0.0, "y_93": 0.0, "y_94": 0.0, "y_95": 0.0, "y_96": 0.0, "y_97": 0.0, "y_98": 0.0, "y_99": -140.52464}