{"utilization": 0.10801831, "y_0": -8.28162, "y_1": 0.0, "y_10": 8.28152, "y_100": 0.0, "y_101": 312.75922, "y_102": -308.85681, "y_103": 0.0, "y_104": 183.6564, "y_105": 0.0, "y_106": 161.28169, "y_107": 0.0, "y_108": 161.28169, "y_109": 0.0, "y_11": -1.5712, "y_110": 0.0, "y_111": 0.0, "y_112": 0.0, "y_113": 0.0, "y_114": 0.0, "y_115": 0.0, "y_116": 0.0, "y_117": 15.517536, "y_118": 0.0, "y_119": 0.0, "y_12": -1.5712, "y_120": 0.0, "y_121": 0.0, "y_122": 0.0, "y_123": 0.0, "y_124": 0.0, "y_125": 67.041964, "y_126": 0.0, "y_127": -2.374557, "y_128": 0.0, "y_129": -2.374557, "y_13": 0.0, "y_130": -78.52342, "y_131": 0.0, "y_132": 0.0, "y_133": 74.206271, "y_134": 0.0, "y_135": 0.0, "y_136": 0.0, "y_137": 0.0, "y_138": 0.0, "y_139": 0.0, "y_14": 0.0, "y_140": 0.0, "y_141": 0.0, "y_142": 0.0, "y_143": -24.288423, "y_144": 0.0, "y_145": 0.0, "y_146": 0.0, "y_147": 0.0, "y_148": 0.0, "y_149": -18.535224, "y_15": 0.0, "y_150": 0.0, "y_151": 18.332653, "y_152": 36.665307, "y_153": 0.0, "y_154": 0.0, "y_155": 0.0, "y_156": 13.237101, "y_157": -100.84246, "y_158": 0.0, "y_159": -8.8076, "y_16": -0.928366, "y_160": 0.0, "y_161": 0.0, "y_162": 0.0, "y_163": -149.82868, "y_164": 0.0, "y_165": 0.0, "y_166": -42.95884, "y_167": -42.95884, "y_168": 0.0, "y_169": 0.0, "y_17": 0.0, "y_170": 0.0, "y_171": 0.0, "y_172": 0.0, "y_173": 0.0, "y_174": 0.0, "y_175": 0.0, "y_176": 0.0, "y_177": 0.0, "y_178": 195.80504, "y_179": -165.0691, "y_18": 0.0, "y_180": 0.0, "y_181": 1.737209, "y_182": 0.0, "y_183": 0.0, "y_184": 0.0, "y_185": 125.82196, "y_186": 0.0, "y_187": 0.0, "y_188": 0.0, "y_189": 11.090244, "y_19": 0.0, "y_190": 0.0, "y_191": 0.0, "y_192": 0.0, "y_193": 0.0, "y_194": 71.552137, "y_195": 0.0, "y_196": 0.0, "y_197": -115.17109, "y_198": 0.0, "y_199": 0.0, "y_2": -5.181779, "y_20": 0.0, "y_200": 0.0, "y_201": 43.816782, "y_202": 0.0, "y_203": 0.0, "y_204": 0.0, "y_205": 0.0, "y_206": 0.0, "y_207": -0.586989, "y_208": 0.0, "y_209": 24.495099, "y_21": 0.0, "y_210": 0.546603, "y_211": 0.0, "y_212": 0.0, "y_213": 0.0, "y_214": 0.0, "y_215": 36.062832, "y_216": 0.0, "y_217": 0.0, "y_218": 0.0, "y_219": 0.0, "y_22": 0.0, "y_220": -143.2233, "y_221": 0.0, "y_222": 0.0, "y_223": 62.912045, "y_224": 0.0, "y_225": 0.0, "y_226": 0.0, "y_227": -291.90866, "y_228": 0.0, "y_229": 0.0, "y_23": 0.0, "y_230": 0.0, "y_231": 0.0, "y_232": 0.0, "y_233": 0.0, "y_234": 301.13736, "y_235": -267.04142, "y_236": -237.50149, "y_237": 0.0, "y_238": 68.637573, "y_239": 0.0, "y_24": 0.0, "y_240": 0.0, "y_241": -142.2026, "y_242": 0.0, "y_243": 0.0, "y_244": 0.0, "y_245": 2.971165, "y_246": 0.0, "y_247": -17.426531, "y_248": 0.0, "y_249": -17.426531, "y_25": 0.0, "y_250": 0.0, "y_251": 39.856331, "y_252": 0.0, "y_253": 0.0, "y_254": 0.0, "y_255": -145.5898, "y_256": -55.600651, "y_257": 0.0, "y_258": -340.33528, "y_259": 35.011387, "y_26": 0.0, "y_260": 0.0, "y_261": 0.0, "y_262": 0.0, "y_263": 0.0, "y_264": 0.0, "y_265": 0.0, "y_266": 0.0, "y_267": 0.0, "y_268": -147.77504, "y_269": 271.95993, "y_27": -0.0001, "y_270": 0.0, "y_271": 10.870292, "y_272": 0.0, "y_273": 0.0, "y_274": 0.0, "y_275": 36.439107, "y_276": -5.654477, "y_277": 0.0, "y_278": 0.0, "y_279": 0.0, "y_28": 0.0, "y_280": 0.0, "y_281": 0.0, "y_282": 0.0, "y_283": 28.310195, "y_284": 28.310196, "y_285": 0.0, "y_286": 9.3208545, "y_287": -8.126344, "y_288": 1.1945105, "y_289": 7.073589, "y_29": 0.0001, "y_290": 0.0, "y_291": 0.0, "y_292": 0.0, "y_293": 0.0, "y_294": 0.0, "y_295": 0.0, "y_296": 0.0, "y_297": 65.134103, "y_298": 1.777987, "y_299": 0.0, "y_3": -0.54828, "y_30": 0.0, "y_300": 0.0, "y_301": 1.7827877, "y_302": -25.895595, "y_303": 91.671498, "y_304": -62.210328, "y_305": 0.0, "y_306": 0.0, "y_307": 201.88086, "y_308": 0.0, "y_309": 201.88086, "y_31": 0.0, "y_310": 0.0, "y_311": 0.0, "y_312": -22.470632, "y_313": 0.0, "y_314": 103.88882, "y_315": 0.0, "y_316": 392.48808, "y_317": 0.0, "y_318": 102.65694, "y_319": 0.0, "y_32": 0.0, "y_320": 0.0, "y_321": 0.0, "y_322": 29.106067, "y_323": 0.0, "y_324": 0.0, "y_325": 0.0, "y_326": 0.0, "y_327": 0.0, "y_328": 0.0, "y_329": 0.0, "y_33": 0.0, "y_330": 0.0, "y_331": 30.344076, "y_332": 30.344076, "y_333": 0.0, "y_334": 0.0, "y_335": 0.0, "y_336": 0.0, "y_337": 0.0, "y_338": 0.0, "y_339": 0.0, "y_34": 0.0, "y_340": 0.0, "y_341": 0.0, "y_342": 0.0, "y_343": 0.0, "y_344": 14.720301, "y_345": 0.0, "y_346": 0.0, "y_347": 0.0, "y_348": 0.0, "y_349": -33.332436, "y_35": 7.385859, "y_350": 0.0, "y_351": -22.290952, "y_352": 0.0, "y_353": 0.447083, "y_354": 0.0, "y_355": 0.0, "y_356": -63.161398, "y_357": 0.0, "y_358": 0.0, "y_359": -244.95605, "y_36": 0.0, "y_37": 0.0, "y_38": 0.0, "y_39": 2.5511665, "y_4": 0.0, "y_40": 0.0, "y_41": 2.158285, "y_42": 2.158285, "y_43": 35.13441, "y_44": 0.0, "y_45": 0.0, "y_46": 0.0, "y_47": 0.0, "y_48": 0.0, "y_49": 0.0, "y_5": 0.260283, "y_50": 0.0, "y_51": 0.0, "y_52": 0.0, "y_53": 0.0, "y_54": 0.0, "y_55": 0.0, "y_56": 0.0, "y_57": 0.0, "y_58": 119.67451, "y_59": -22.624544, "y_6": 0.0, "y_60": -13.314541, "y_61": 0.0, "y_62": 843.81976, "y_63": 0.0, "y_64": 0.0, "y_65": 0.0, "y_66": 0.0, "y_67": 0.0, "y_68": 0.0, "y_69": 214.10538, "y_7": 0.0, "y_70": 0.0, "y_71": 0.0, "y_72": 0.0, "y_73": 0.0, "y_74": 669.41381, "y_75": 669.41381, "y_76": 354.92593, "y_77": -866.89242, "y_78": 1221.8184, "y_79": 0.0, "y_8": 0.0, "y_80": 0.0, "y_81": 0.0, "y_82": 0.0, "y_83": 0.0, "y_84": -149.97669, "y_85": 0.0, "y_86": 0.0, "y_87": -182.87111, "y_88": 0.0, "y_89": 67.529251, "y_9": -0.052231, "y_90": 0.0, "y_91": 1.6452683, "y_92": 0.0, "y_93": 3.2905367, "y_94": 0.0, "y_95": 193.85487, "y_96": 0.0, "y_97": 0.0, "y_98": 0.0, "y_99": 0.0}