{"utilization": 0.12044376, "y_0": 0.0, "y_1": 8.286647, "y_10": 0.288899, "y_100": 114.36802, "y_101": -111.84785, "y_102": 0.0, "y_103": 0.0, "y_104": -12.659448, "y_105": 0.0, "y_106": 0.0, "y_107": 0.0, "y_108": -51.069997, "y_109": 0.0, "y_11": -0.288899, "y_110": 0.0, "y_111": 0.0, "y_112": 0.0, "y_113": 0.0, "y_114": 0.0, "y_115": 0.0, "y_116": 0.0, "y_117": -153.97828, "y_118": 0.0, "y_119": 0.0, "y_12": -0.288899, "y_120": 0.0, "y_121": -91.681922, "y_122": 91.681922, "y_123": -91.681922, "y_124": 0.0, "y_125": 0.0, "y_126": 0.0, "y_127": 0.0, "y_128": 0.0, "y_129": 26.673075, "y_13": -8.628879, "y_130": 0.0, "y_131": 0.0, "y_132": 0.0, "y_133": -113.9521, "y_134": 0.0, "y_135": 0.0, "y_136": 2.287467, "y_137": 0.0, "y_138": 0.0, "y_139": 0.0, "y_14": 0.0, "y_140": 0.0, "y_141": 0.0, "y_142": 0.0, "y_143": 0.0, "y_144": -5.877992, "y_145": 0.0, "y_146": 30.148462, "y_147": 0.0, "y_148": 19.243568, "y_149": 0.0, "y_15": 0.0, "y_150": 0.0, "y_151": 0.0, "y_152": 0.0, "y_153": 0.0, "y_154": 0.0, "y_155": 0.0, "y_156": 0.0, "y_157": 0.0, "y_158": 0.0, "y_159": 41.430812, "y_16": 0.0, "y_160": 68.987867, "y_161": 0.0, "y_162": 0.0, "y_163": 0.0, "y_164": -139.8801, "y_165": 0.0, "y_166": 5.222148, "y_167": 0.0, "y_168": 0.0, "y_169": 0.0, "y_17": 0.0, "y_170": 0.0, "y_171": 126.06215, "y_172": 0.0, "y_173": 0.0, "y_174": 0.0, "y_175": 0.0, "y_176": 51.534391, "y_177": 0.0, "y_178": -82.446086, "y_179": 102.95082, "y_18": 0.0, "y_180": 0.0, "y_181": 2.9426693, "y_182": 0.0, "y_183": 0.0, "y_184": 5.8853387, "y_185": 0.0, "y_186": 0.0, "y_187": 0.0, "y_188": 0.0, "y_189": -88.445698, "y_19": -2.448139, "y_190": 3.613808, "y_191": 0.0, "y_192": 0.0, "y_193": 0.0, "y_194": -61.918685, "y_195": 0.0, "y_196": -102.60115, "y_197": 0.0, "y_198": 0.0, "y_199": 0.0, "y_2": 0.0, "y_20": 0.0, "y_200": 0.0, "y_201": 52.812016, "y_202": 0.0, "y_203": 0.0, "y_204": -82.946125, "y_205": 0.0, "y_206": 0.0, "y_207": -84.034661, "y_208": 0.0, "y_209": 30.734296, "y_21": 0.0, "y_210": 0.0, "y_211": -337.25583, "y_212": 337.25583, "y_213": 0.0, "y_214": 185.00932, "y_215": 0.0, "y_216": 0.0, "y_217": 0.0, "y_218": -92.045307, "y_219": 0.0, "y_22": 0.0, "y_220": 0.0, "y_221": 0.0, "y_222": 0.0, "y_223": 172.50625, "y_224": 0.0, "y_225": 0.0, "y_226": -100.83929, "y_227": 0.0, "y_228": 112.02231, "y_229": -342.62146, "y_23": 0.0001, "y_230": 0.0, "y_231": 329.9069, "y_232": 0.0, "y_233": 0.0, "y_234": 0.0, "y_235": -28.396363, "y_236": 0.0, "y_237": 0.0, "y_238": 0.0, "y_239": 261.2252, "y_24": 0.0, "y_240": 0.0, "y_241": 251.65998, "y_242": 743.43608, "y_243": -240.11611, "y_244": 0.0, "y_245": 0.0, "y_246": 0.0, "y_247": -17.907352, "y_248": 0.0, "y_249": -17.907352, "y_25": 0.0, "y_250": 748.94672, "y_251": 0.0, "y_252": 0.0, "y_253": 0.0, "y_254": -108.59067, "y_255": -108.59067, "y_256": -56.649184, "y_257": 0.0, "y_258": 0.0, "y_259": 0.0, "y_26": 0.0, "y_260": 0.0, "y_261": 0.0, "y_262": 0.0, "y_263": 2.055877, "y_264": 0.0, "y_265": 0.0, "y_266": 0.0, "y_267": 0.0, "y_268": 0.0, "y_269": 262.51979, "y_27": 0.0, "y_270": 0.0, "y_271": 22.708659, "y_272": 0.0, "y_273": 0.0, "y_274": -10.681686, "y_275": 0.0, "y_276": 0.0, "y_277": 0.0, "y_278": 0.0, "y_279": 0.0, "y_28": 0.0, "y_280": 0.0, "y_281": 0.0, "y_282": -37.262865, "y_283": 8.5743425, "y_284": 3.5667695, "y_285": -5.007573, "y_286": 38.408665, "y_287": -38.408665, "y_288": 0.0, "y_289": 0.0, "y_29": -8.25998, "y_290": 0.0, "y_291": 0.0, "y_292": 0.0, "y_293": 0.0, "y_294": 0.0, "y_295": 0.0, "y_296": -47.889321, "y_297": 54.864753, "y_298": 0.0, "y_299": -7.296059, "y_3": -8.286647, "y_30": 0.0, "y_300": 2.820438, "y_301": 2.706257, "y_302": 0.0, "y_303": 0.0, "y_304": 5.412514, "y_305": 282.1231, "y_306": 0.0, "y_307": 3.871208, "y_308": 0.0, "y_309": 0.0, "y_31": 0.0, "y_310": 0.0, "y_311": 0.0, "y_312": 0.0, "y_313": 0.0, "y_314": 198.67945, "y_315": 198.67945, "y_316": 0.0, "y_317": 0.0, "y_318": 103.08907, "y_319": 0.0, "y_32": 0.0, "y_320": 0.0, "y_321": 69.93212, "y_322": 0.0, "y_323": 0.0, "y_324": -139.16621, "y_325": 0.0, "y_326": 0.0, "y_327": -213.8159, "y_328": 0.0, "y_329": 34.870365, "y_33": 0.0, "y_330": 0.0, "y_331": -43.352168, "y_332": -43.352168, "y_333": 0.0, "y_334": 0.0, "y_335": 0.0, "y_336": 198.33113, "y_337": 0.0, "y_338": 60.856227, "y_339": 60.856227, "y_34": 0.0, "y_340": 0.0, "y_341": 0.0, "y_342": 0.0, "y_343": -129.78865, "y_344": 0.0, "y_345": 0.0, "y_346": 0.0, "y_347": 0.0, "y_348": 0.0, "y_349": 40.651368, "y_35": 0.0, "y_350": 0.0, "y_351": 0.0, "y_352": 0.0, "y_353": 0.0, "y_354": 0.0, "y_355": 0.0, "y_356": 68.938819, "y_357": 0.0, "y_358": 0.0, "y_359": -239.03022, "y_36": 10.302768, "y_37": 0.0, "y_38": 0.0, "y_39": 0.0, "y_4": -8.286647, "y_40": 0.0, "y_41": 0.0, "y_42": 0.0, "y_43": 127.89198, "y_44": 0.0, "y_45": 0.0, "y_46": 0.0, "y_47": 0.0, "y_48": 122.72705, "y_49": -2.055795, "y_5": 0.0, "y_50": 0.0, "y_51": 0.0, "y_52": 0.0, "y_53": 0.151723, "y_54": 0.0, "y_55": 0.0, "y_56": -4.721774, "y_57": 0.0, "y_58": 0.0, "y_59": -28.239712, "y_6": 0.199405, "y_60": 0.0, "y_61": 5.2602657, "y_62": 0.0, "y_63": 0.0, "y_64": 0.0, "y_65": 0.0, "y_66": 0.0, "y_67": 368.20083, "y_68": 0.0, "y_69": 368.20083, "y_7": 0.0, "y_70": 0.0, "y_71": 0.0, "y_72": 0.0, "y_73": 0.0, "y_74": 0.0, "y_75": 52.003014, "y_76": 231.79519, "y_77": 0.0, "y_78": 0.0, "y_79": 0.0, "y_8": 0.0, "y_80": 0.0, "y_81": 616.08894, "y_82": 0.0, "y_83": 0.0, "y_84": 0.0, "y_85": 0.0, "y_86": 429.42811, "y_87": 0.0, "y_88": 0.0, "y_89": 539.93862, "y_9": 0.4370045, "y_90": 0.0, "y_91": 40.690334, "y_92": 0.0, "y_93": 0.0, "y_94": -44.447229, "y_95": 0.0, "y_96": 0.0, "y_97": 0.0, "y_98": 0.0, "y_99": -163.0656}