{"utilization": 0.28602276, "y_0": -13.598745, "y_1": 0.0, "y_10": 0.0, "y_100": 0.0, "y_101": 0.0, "y_102": 0.0, "y_103": 0.0, "y_104": 11.334412, "y_105": 0.0, "y_106": 0.0, "y_107": 0.0, "y_108": 9.0538375, "y_109": 0.0, "y_11": -9.605363, "y_110": 0.0, "y_111": 0.0, "y_112": 0.0, "y_113": 0.0, "y_114": -19.108936, "y_115": 0.0, "y_116": 0.0, "y_117": -154.35639, "y_118": 0.0, "y_119": 0.0, "y_12": -9.605363, "y_120": 0.0, "y_121": 0.0, "y_122": 0.0, "y_123": 0.0, "y_124": 0.0, "y_125": 91.407106, "y_126": 0.0, "y_127": 0.0, "y_128": 0.0, "y_129": 0.0, "y_13": 0.0, "y_130": -103.54644, "y_131": 0.0, "y_132": 0.0, "y_133": 100.52631, "y_134": 0.0, "y_135": 0.0, "y_136": 0.0, "y_137": 0.0, "y_138": 0.0, "y_139": 0.0, "y_14": 0.0, "y_140": 0.0, "y_141": 0.0, "y_142": 0.0, "y_143": 1.154464, "y_144": 0.0, "y_145": 0.0, "y_146": -16.015637, "y_147": 0.0, "y_148": 0.0, "y_149": -25.301384, "y_15": 0.0, "y_150": 0.0, "y_151": 28.841162, "y_152": 57.682323, "y_153": 0.0, "y_154": 0.0, "y_155": 0.0, "y_156": 0.0, "y_157": 0.0, "y_158": 0.0, "y_159": 0.0, "y_16": 0.0, "y_160": 0.0, "y_161": 0.0, "y_162": 0.0, "y_163": 0.0, "y_164": 0.0, "y_165": -213.69086, "y_166": -98.529128, "y_167": -98.529128, "y_168": 0.0, "y_169": 0.0, "y_17": 0.0, "y_170": 0.0, "y_171": 0.0, "y_172": 0.0, "y_173": 0.0, "y_174": 0.0, "y_175": 57.78496, "y_176": 73.928248, "y_177": 0.0, "y_178": 70.577256, "y_179": -44.600789, "y_18": 0.0, "y_180": 0.0, "y_181": -1.578725, "y_182": 0.0, "y_183": -3.15745, "y_184": 0.0, "y_185": 110.55536, "y_186": 0.0, "y_187": 0.0, "y_188": -35.827128, "y_189": -9.376117, "y_19": 0.0, "y_190": 0.0, "y_191": 0.0, "y_192": 0.0, "y_193": 0.0, "y_194": 0.0, "y_195": 0.0, "y_196": 0.0, "y_197": 0.0, "y_198": -119.29866, "y_199": 0.0, "y_2": -11.764518, "y_20": 0.0, "y_200": 0.0, "y_201": 96.757543, "y_202": 0.0, "y_203": -34.547957, "y_204": 0.0, "y_205": 0.0, "y_206": 0.0, "y_207": 0.0, "y_208": -8.148191, "y_209": 0.0, "y_21": 0.0, "y_210": 0.0, "y_211": -0.923355, "y_212": 0.0, "y_213": -0.923355, "y_214": 0.923355, "y_215": 0.0, "y_216": 0.0, "y_217": 0.0, "y_218": 22.985024, "y_219": 0.0, "y_22": 0.0, "y_220": -398.00311, "y_221": 0.0, "y_222": 0.0, "y_223": 383.8675, "y_224": 0.0, "y_225": 0.0, "y_226": 6.955264, "y_227": 0.0, "y_228": 0.0, "y_229": -402.20258, "y_23": 0.0, "y_230": 0.0, "y_231": -40.540571, "y_232": 0.0, "y_233": 0.0, "y_234": 0.0, "y_235": 31.811235, "y_236": 0.0, "y_237": 0.0, "y_238": 0.0, "y_239": 0.0, "y_24": 0.0, "y_240": 0.0, "y_241": 8.3977173, "y_242": 0.0, "y_243": 0.0, "y_244": 0.0, "y_245": 2.998291, "y_246": 0.0, "y_247": 0.0, "y_248": -85.491672, "y_249": 18.39176, "y_25": 0.0, "y_250": 0.0, "y_251": 7.037691, "y_252": 0.0, "y_253": 17.298291, "y_254": 0.0, "y_255": 17.298291, "y_256": 17.874343, "y_257": 0.0, "y_258": 0.0, "y_259": 0.0, "y_26": 0.0, "y_260": 0.0, "y_261": 0.0, "y_262": 0.0, "y_263": 0.0, "y_264": -41.87156, "y_265": 0.0, "y_266": 0.0, "y_267": 41.672218, "y_268": 0.0, "y_269": 277.88414, "y_27": 0.0, "y_270": 0.0, "y_271": -0.371408, "y_272": -4.864052, "y_273": 4.121236, "y_274": 0.0, "y_275": 0.0, "y_276": 0.0, "y_277": 0.0, "y_278": 0.0, "y_279": 0.0, "y_28": 0.0, "y_280": -3.380167, "y_281": 0.0, "y_282": 0.0, "y_283": 0.0, "y_284": 3.77724, "y_285": 0.0, "y_286": 0.0, "y_287": 0.0, "y_288": 1.399452, "y_289": 0.0, "y_29": -8.712475, "y_290": 0.0, "y_291": 0.0, "y_292": 0.0, "y_293": 0.0, "y_294": 0.0, "y_295": 0.0, "y_296": -43.439939, "y_297": 51.592355, "y_298": 0.0, "y_299": 0.0, "y_3": 970321420000.0, "y_30": 0.0, "y_300": 0.0, "y_301": 2.5506853, "y_302": 0.0, "y_303": 0.0, "y_304": 0.0, "y_305": 155.49654, "y_306": 0.0, "y_307": 3.1183665, "y_308": 0.0, "y_309": 0.0, "y_31": -0.054304, "y_310": 0.0, "y_311": 0.0, "y_312": 0.0, "y_313": 0.0, "y_314": 144.19821, "y_315": 226.54422, "y_316": 0.0, "y_317": 116.39752, "y_318": 116.39752, "y_319": -121.83695, "y_32": 0.0, "y_320": 0.0, "y_321": 0.0, "y_322": 0.0, "y_323": 0.0, "y_324": -155.04062, "y_325": 0.0, "y_326": 0.0, "y_327": -232.26438, "y_328": 0.0, "y_329": 0.0, "y_33": 0.0, "y_330": -225.84516, "y_331": -227.20446, "y_332": -227.20446, "y_333": 0.0, "y_334": 0.0, "y_335": 0.0, "y_336": 0.0, "y_337": 0.0, "y_338": 0.0, "y_339": 25.619574, "y_34": 0.0, "y_340": 0.0, "y_341": 0.0, "y_342": 0.0, "y_343": 0.0, "y_344": 23.308811, "y_345": 0.0, "y_346": 0.0, "y_347": 0.0, "y_348": 0.0, "y_349": 217.66085, "y_35": 0.0, "y_350": 0.0, "y_351": 57.916795, "y_352": 0.0, "y_353": 0.0, "y_354": 0.0, "y_355": 0.0, "y_356": 0.0, "y_357": 0.0, "y_358": -269.8545, "y_359": 0.0, "y_36": 0.0, "y_37": 0.0, "y_38": 0.0, "y_39": -185.24178, "y_4": -11.764518, "y_40": 0.0, "y_41": 3.447331, "y_42": 3.447331, "y_43": 207.64435, "y_44": 0.0, "y_45": -195.70126, "y_46": -189.77643, "y_47": 0.0, "y_48": 0.0, "y_49": 0.0, "y_5": -5.062854, "y_50": 0.0, "y_51": 162.45476, "y_52": 0.0, "y_53": 0.0, "y_54": -10.716246, "y_55": 0.0, "y_56": 0.0, "y_57": 0.0, "y_58": 0.0, "y_59": 142.28912, "y_6": 5.888939, "y_60": 0.0, "y_61": 4.7867617, "y_62": 0.0, "y_63": 0.0, "y_64": 9.5735233, "y_65": 0.0, "y_66": 0.0, "y_67": 594.41027, "y_68": 0.0, "y_69": 594.41027, "y_7": 0.0, "y_70": 0.0, "y_71": 856.18181, "y_72": 0.0, "y_73": 0.0, "y_74": 557.53027, "y_75": 557.53027, "y_76": 1023.4094, "y_77": 0.0, "y_78": 1023.4094, "y_79": 0.0, "y_8": 0.824944, "y_80": 0.0, "y_81": 0.0, "y_82": 99.314459, "y_83": 98.27831, "y_84": -95.245699, "y_85": 0.0, "y_86": 0.0, "y_87": 0.0, "y_88": 0.0, "y_89": 0.0, "y_9": 0.824944, "y_90": 3.983869, "y_91": 3.55092, "y_92": 0.0, "y_93": 0.0, "y_94": -44.164872, "y_95": 0.0, "y_96": 0.0, "y_97": 0.0, "y_98": 0.0, "y_99": -162.51788}