{"utilization": 0.12649901, "y_0": 0.0, "y_1": 8.308089, "y_10": -9.3809, "y_100": 3.022539, "y_101": 0.0, "y_102": 0.0, "y_103": 109.86299, "y_104": 109.86299, "y_105": 0.0, "y_106": 0.0, "y_107": 0.0, "y_108": 5.454492, "y_109": 0.0, "y_11": 0.0, "y_110": -10.893405, "y_111": 0.0, "y_112": 38.466024, "y_113": 0.0, "y_114": 0.0, "y_115": 0.0, "y_116": 0.0, "y_117": 0.0, "y_118": 81.641285, "y_119": 0.0, "y_12": 0.0, "y_120": 0.0, "y_121": -0.045259, "y_122": 0.0, "y_123": -0.045259, "y_124": 0.045259, "y_125": 0.0, "y_126": 0.0, "y_127": -4.505243, "y_128": 0.0, "y_129": -4.505243, "y_13": 0.0, "y_130": -115.99441, "y_131": 0.0, "y_132": 0.0, "y_133": 113.40867, "y_134": 0.0, "y_135": 0.0, "y_136": 0.0, "y_137": 0.0, "y_138": 0.0, "y_139": 0.0, "y_14": 0.0, "y_140": 0.0, "y_141": 0.0, "y_142": 0.0, "y_143": -30.61907, "y_144": -24.771243, "y_145": 0.0, "y_146": 0.0, "y_147": 0.0, "y_148": 0.0, "y_149": 0.0, "y_15": 0.0, "y_150": 0.0, "y_151": 0.0, "y_152": 0.0, "y_153": 0.0, "y_154": 0.0, "y_155": 0.0, "y_156": 0.0, "y_157": -12.291403, "y_158": 0.0, "y_159": -12.291403, "y_16": 0.178189, "y_160": 0.0, "y_161": 0.0, "y_162": 0.0, "y_163": -177.82279, "y_164": 0.0, "y_165": 0.0, "y_166": 0.0, "y_167": 0.0, "y_168": 0.0, "y_169": 0.0, "y_17": 0.0, "y_170": 0.0, "y_171": -108.94804, "y_172": 0.0, "y_173": 0.756528, "y_174": 0.0, "y_175": 0.0, "y_176": -52.148115, "y_177": 0.0, "y_178": 163.66975, "y_179": -138.0324, "y_18": 0.0, "y_180": 0.0, "y_181": -0.488693, "y_182": -233.85634, "y_183": 232.87895, "y_184": 0.0, "y_185": 0.0, "y_186": 0.0, "y_187": 0.0, "y_188": 0.0, "y_189": 0.0, "y_19": 6.390324, "y_190": 0.0, "y_191": 0.0, "y_192": 0.0, "y_193": 0.0, "y_194": 121.49004, "y_195": 121.49004, "y_196": 0.0, "y_197": 0.0, "y_198": 0.0, "y_199": 0.0, "y_2": -8.308089, "y_20": 0.0, "y_200": 0.0, "y_201": -134.93923, "y_202": 0.0, "y_203": 0.0, "y_204": 0.0, "y_205": 0.0, "y_206": -15.894304, "y_207": 0.0, "y_208": -7.068898, "y_209": 42.541909, "y_21": 0.0, "y_210": 0.0, "y_211": 19.439876, "y_212": -38.879752, "y_213": 19.439876, "y_214": 19.439876, "y_215": 0.0, "y_216": 0.0, "y_217": 8.486133, "y_218": 0.0, "y_219": 0.0, "y_22": 0.0, "y_220": 0.0, "y_221": 0.0, "y_222": 0.0, "y_223": 0.0, "y_224": 0.0, "y_225": 0.0, "y_226": 0.0, "y_227": -57.759136, "y_228": 0.0, "y_229": 0.0, "y_23": 0.0, "y_230": 0.0, "y_231": 0.0, "y_232": 0.0, "y_233": 0.0, "y_234": 415.15516, "y_235": -377.42448, "y_236": 0.0, "y_237": 0.0, "y_238": 0.0, "y_239": -71.566291, "y_24": 5.067425, "y_240": 0.0, "y_241": -1.150496, "y_242": 0.0, "y_243": 0.0, "y_244": 0.0, "y_245": 2.492803, "y_246": 0.0, "y_247": 0.0, "y_248": 0.0, "y_249": 0.0, "y_25": 0.0, "y_250": 0.0, "y_251": 0.0, "y_252": 8.950136, "y_253": 129.39347, "y_254": 0.0, "y_255": -106.01016, "y_256": -92.647973, "y_257": 0.0, "y_258": 0.0, "y_259": 0.0, "y_26": 0.0, "y_260": 0.0, "y_261": 0.0, "y_262": 0.0, "y_263": 0.0, "y_264": 0.0, "y_265": 0.0, "y_266": 66.130981, "y_267": 0.0, "y_268": -137.40375, "y_269": 280.70513, "y_27": 0.0, "y_270": 0.0, "y_271": 1.0698263, "y_272": 0.0, "y_273": 2.1396527, "y_274": 0.0, "y_275": 35.761404, "y_276": 0.0, "y_277": 12.017856, "y_278": 0.0, "y_279": 0.0, "y_28": 0.0, "y_280": 0.0, "y_281": 0.0, "y_282": 0.0, "y_283": 0.0, "y_284": 33.202956, "y_285": 33.202956, "y_286": 0.0, "y_287": 0.0, "y_288": 24.016616, "y_289": 0.0, "y_29": -7.856686, "y_290": 0.0, "y_291": 0.0, "y_292": 0.0, "y_293": 0.0, "y_294": 0.0, "y_295": 0.0, "y_296": 0.0, "y_297": 51.630446, "y_298": 0.0, "y_299": 0.0, "y_3": 0.0, "y_30": 0.0, "y_300": 0.0, "y_301": 1.4377147, "y_302": 0.0, "y_303": 2.8754293, "y_304": 0.0, "y_305": 0.0, "y_306": 0.0, "y_307": 7.091804, "y_308": 147.82728, "y_309": 0.0, "y_31": -0.026667, "y_310": 0.0, "y_311": 33.792768, "y_312": -29.758424, "y_313": 0.0, "y_314": 22.061875, "y_315": 0.0, "y_316": 0.0, "y_317": 0.0, "y_318": 22.381201, "y_319": 0.0, "y_32": 0.0, "y_320": 0.0, "y_321": 0.0, "y_322": 0.0, "y_323": 0.0, "y_324": 0.0, "y_325": 0.0, "y_326": 0.0, "y_327": -229.22486, "y_328": 0.0, "y_329": 0.0, "y_33": 0.0, "y_330": -185.16225, "y_331": -52.115992, "y_332": -52.115992, "y_333": 0.0, "y_334": 0.0, "y_335": 0.0, "y_336": 0.0, "y_337": 0.0, "y_338": 0.0, "y_339": 0.0, "y_34": 0.0, "y_340": 0.0, "y_341": 0.0, "y_342": 0.0, "y_343": 34.86164, "y_344": 0.0, "y_345": 0.0, "y_346": 0.0, "y_347": 0.0, "y_348": 0.0, "y_349": 48.080525, "y_35": 0.0, "y_350": 0.0, "y_351": 0.0, "y_352": 0.0, "y_353": 0.0, "y_354": 0.0, "y_355": 0.0, "y_356": -51.852512, "y_357": 0.0, "y_358": 0.0, "y_359": -259.08758, "y_36": 0.0, "y_37": 0.0, "y_38": 0.0, "y_39": -4.950723, "y_4": -8.308089, "y_40": 0.0, "y_41": 0.0, "y_42": 0.0, "y_43": 162.40878, "y_44": 0.0, "y_45": -157.26493, "y_46": -145.98719, "y_47": -9.554389, "y_48": 0.0, "y_49": 7.345637, "y_5": -0.838133, "y_50": 0.0, "y_51": 0.0, "y_52": 0.0, "y_53": 136.46267, "y_54": 0.0, "y_55": 0.0, "y_56": 0.0, "y_57": 0.0, "y_58": 0.0, "y_59": 0.0, "y_6": 0.0, "y_60": 0.0, "y_61": 0.0, "y_62": 0.0, "y_63": -145.42675, "y_64": 0.0, "y_65": 0.0, "y_66": 0.0, "y_67": 245.25666, "y_68": 0.0, "y_69": 245.25666, "y_7": 0.0, "y_70": 0.0, "y_71": 0.0, "y_72": 0.0, "y_73": 0.0, "y_74": 573.13209, "y_75": 573.13209, "y_76": 425.56948, "y_77": 0.0, "y_78": 1203.0178, "y_79": 0.0, "y_8": 5.067325, "y_80": 0.0, "y_81": 0.0, "y_82": 0.0, "y_83": 0.0, "y_84": -125.12814, "y_85": 0.0, "y_86": 0.0, "y_87": 0.0, "y_88": -12.550616, "y_89": 83.433152, "y_9": 0.587361, "y_90": 101.0618, "y_91": 100.92782, "y_92": 0.0, "y_93": 201.85564, "y_94": 0.0, "y_95": 0.0, "y_96": 0.0, "y_97": 0.0, "y_98": 0.0, "y_99": -163.26104}