{"utilization": 0.092324025, "y_0": -4.594077, "y_1": 0.0, "y_10": 0.0, "y_100": -8.695221, "y_101": 0.0, "y_102": 0.0, "y_103": 0.0, "y_104": -10.443301, "y_105": -66.332739, "y_106": 0.0, "y_107": 0.0, "y_108": -28.355503, "y_109": 20.872646, "y_11": -4.159247, "y_110": -11.084611, "y_111": 0.0, "y_112": 0.0, "y_113": 0.0, "y_114": 0.0, "y_115": 0.0, "y_116": 0.0, "y_117": 0.0, "y_118": 0.0, "y_119": 44.691541, "y_12": 0.0, "y_120": 0.0, "y_121": -0.026667, "y_122": 0.0, "y_123": -0.026667, "y_124": -0.026667, "y_125": 0.0, "y_126": 0.0, "y_127": -2.489344, "y_128": 0.0, "y_129": -2.489344, "y_13": 0.0, "y_130": -85.746834, "y_131": 0.0, "y_132": 0.0, "y_133": 83.040132, "y_134": -5.940571, "y_135": 0.0, "y_136": 0.0, "y_137": 0.0, "y_138": 0.0, "y_139": 0.0, "y_14": 0.0, "y_140": 0.0, "y_141": 0.0, "y_142": 0.0, "y_143": -27.430821, "y_144": 28.360133, "y_145": 0.0, "y_146": 0.0, "y_147": 0.0, "y_148": 0.0, "y_149": 0.0, "y_15": 0.0, "y_150": 0.61424, "y_151": 9.6780878e-13, "y_152": 0.0, "y_153": 0.0, "y_154": 0.0, "y_155": 0.0, "y_156": 0.0, "y_157": -16.122411, "y_158": 0.0, "y_159": -16.122411, "y_16": 0.0, "y_160": 0.0, "y_161": 0.0, "y_162": 0.0, "y_163": -233.72202, "y_164": 89.156579, "y_165": 0.0, "y_166": 0.0, "y_167": 0.0, "y_168": 0.0, "y_169": 0.0, "y_17": 0.0, "y_170": 0.0, "y_171": 0.0, "y_172": 0.0, "y_173": 0.0, "y_174": 0.0, "y_175": 0.0, "y_176": -56.381275, "y_177": 0.0, "y_178": 223.86238, "y_179": 0.0, "y_18": 0.0, "y_180": -1.085056, "y_181": -1.217304, "y_182": -2.434608, "y_183": 0.0, "y_184": 0.0, "y_185": 0.0, "y_186": -93.106061, "y_187": 0.0, "y_188": 0.0, "y_189": -4.767539, "y_19": 0.0, "y_190": 0.0, "y_191": 0.0, "y_192": 0.0, "y_193": 0.0, "y_194": -104.07504, "y_195": 0.0, "y_196": 0.0, "y_197": 0.0, "y_198": -123.32078, "y_199": 0.0, "y_2": -4.56441, "y_20": 0.0, "y_200": 0.0, "y_201": 0.0, "y_202": 0.0, "y_203": -33.23999, "y_204": 33.715382, "y_205": 0.0, "y_206": 0.0, "y_207": 0.0, "y_208": -7.966237, "y_209": 0.0, "y_21": -3.258916, "y_210": 0.0, "y_211": 11.393099, "y_212": 337.00752, "y_213": -348.40062, "y_214": 11.393099, "y_215": 0.0, "y_216": 0.0, "y_217": -10.161461, "y_218": 0.0, "y_219": 0.0, "y_22": 4.537743, "y_220": 0.0, "y_221": 0.0, "y_222": 0.0, "y_223": 0.0, "y_224": 0.0, "y_225": 0.0, "y_226": 0.0, "y_227": 0.0, "y_228": 0.0, "y_229": -436.99494, "y_23": -1.234011, "y_230": 0.0, "y_231": 0.0, "y_232": 0.0, "y_233": 0.0, "y_234": 0.0, "y_235": 18.523178, "y_236": -21.609282, "y_237": 0.0, "y_238": 0.0, "y_239": 71.052635, "y_24": 0.0, "y_240": 0.0, "y_241": 1.8101573, "y_242": 0.0, "y_243": 0.0, "y_244": 0.0, "y_245": 3.450616, "y_246": 0.0, "y_247": -93.592455, "y_248": 207.38867, "y_249": 113.79622, "y_25": 0.0, "y_250": 0.0, "y_251": 0.0, "y_252": 0.0, "y_253": 0.0, "y_254": 0.0, "y_255": 0.0, "y_256": -39.945618, "y_257": -5.929181, "y_258": -34.016437, "y_259": 0.0, "y_26": 0.0, "y_260": 0.0, "y_261": 0.0, "y_262": 0.0, "y_263": 249.05187, "y_264": -39.415424, "y_265": 0.0, "y_266": 0.0, "y_267": 0.0, "y_268": 0.0, "y_269": 268.20292, "y_27": 0.0, "y_270": 0.0, "y_271": -0.110752, "y_272": 0.0, "y_273": -36.049178, "y_274": 0.0, "y_275": -16.204179, "y_276": 0.0, "y_277": 0.0, "y_278": 0.0, "y_279": 0.0, "y_28": 0.0, "y_280": 17.930115, "y_281": -2.779704, "y_282": 0.0, "y_283": -19.7878, "y_284": -19.7878, "y_285": 0.0, "y_286": 0.0, "y_287": 0.0, "y_288": 0.0, "y_289": 14.281643, "y_29": 0.0, "y_290": 0.0, "y_291": 0.0, "y_292": 0.0, "y_293": 0.0, "y_294": 0.0, "y_295": 0.0, "y_296": -58.209257, "y_297": 68.399433, "y_298": 0.0, "y_299": 0.0, "y_3": -4.56441, "y_30": 0.0, "y_300": 0.0, "y_301": -0.169195, "y_302": 0.0, "y_303": 0.0, "y_304": 0.0, "y_305": -15.939731, "y_306": 0.0, "y_307": -196.87174, "y_308": 0.0, "y_309": 0.0, "y_31": -0.505077, "y_310": 4.65736, "y_311": 0.0, "y_312": 0.0, "y_313": -11.071198, "y_314": 0.0, "y_315": 193.55677, "y_316": 0.0, "y_317": 0.0, "y_318": 0.0, "y_319": 0.0, "y_32": 0.930405, "y_320": 0.0, "y_321": -29.758808, "y_322": 0.0, "y_323": 0.0, "y_324": 65.680704, "y_325": 0.0, "y_326": -207.70531, "y_327": 0.0, "y_328": 0.0, "y_329": 0.0, "y_33": 0.0, "y_330": 0.0, "y_331": 0.0, "y_332": 0.0, "y_333": 181.5944, "y_334": 0.0, "y_335": 0.0, "y_336": -49.506691, "y_337": 0.0, "y_338": 0.0, "y_339": -55.556046, "y_34": 0.0, "y_340": 0.0, "y_341": 2.901848, "y_342": 0.0, "y_343": 206.86586, "y_344": 0.0, "y_345": 0.0, "y_346": -172.66679, "y_347": 0.0, "y_348": 0.0, "y_349": 0.0, "y_35": 0.0, "y_350": 0.0, "y_351": 0.0, "y_352": 0.0, "y_353": 0.0, "y_354": -47.254819, "y_355": 47.667067, "y_356": 0.0, "y_357": 0.0, "y_358": -265.66839, "y_359": 0.0, "y_36": -18.419469, "y_37": -5.110899, "y_38": 0.0, "y_39": -5.110899, "y_4": -4.56441, "y_40": 0.0, "y_41": 2.867752, "y_42": 0.0, "y_43": 203.63861, "y_44": -26.693064, "y_45": 0.0, "y_46": 0.0, "y_47": 0.0, "y_48": 0.0, "y_49": 0.0, "y_5": 0.0, "y_50": 0.0, "y_51": 0.0, "y_52": 0.0, "y_53": -14.393913, "y_54": 0.0, "y_55": 0.0, "y_56": 0.0, "y_57": 0.0, "y_58": 0.0, "y_59": 0.0, "y_6": 0.0, "y_60": 0.0, "y_61": 881.18351, "y_62": 0.0, "y_63": -869.14106, "y_64": 0.0, "y_65": 0.0, "y_66": 0.0, "y_67": -63.097997, "y_68": 0.0, "y_69": -63.097997, "y_7": 4.015511, "y_70": 0.0, "y_71": 0.0, "y_72": 0.0, "y_73": 0.0, "y_74": 0.0, "y_75": -378.49427, "y_76": -200.23997, "y_77": -200.23997, "y_78": 0.0, "y_79": 0.0, "y_8": 0.0, "y_80": 0.0, "y_81": 615.23042, "y_82": 0.0, "y_83": 0.0, "y_84": -128.56401, "y_85": 0.0, "y_86": 0.0, "y_87": 0.0, "y_88": 0.0, "y_89": 531.90724, "y_9": -0.102515, "y_90": 0.0, "y_91": -0.901728, "y_92": 0.0, "y_93": 0.0, "y_94": 0.0, "y_95": 0.0, "y_96": 0.0, "y_97": 0.0, "y_98": 0.0, "y_99": -160.13055}