{"utilization": 0.25213245, "y_0": -3.928535, "y_1": 0.0, "y_10": -0.736213, "y_100": 0.0, "y_101": 0.0, "y_102": 0.0, "y_103": -70.302414, "y_104": 36.671039, "y_105": 106.97345, "y_106": 0.0, "y_107": 0.0, "y_108": 59.758561, "y_109": 0.0, "y_11": 0.736213, "y_110": 0.0, "y_111": 0.0, "y_112": 0.0, "y_113": 0.0, "y_114": -170.4464, "y_115": 0.0, "y_116": 0.0, "y_117": -176.16478, "y_118": 61.165763, "y_119": 0.0, "y_12": 0.736213, "y_120": 0.0, "y_121": -0.4702, "y_122": 0.0, "y_123": -0.4702, "y_124": 0.4702, "y_125": 0.0, "y_126": 0.0, "y_127": 0.0, "y_128": 0.0, "y_129": 26.524002, "y_13": 0.0, "y_130": -134.44324, "y_131": 0.0, "y_132": 0.0, "y_133": 0.0, "y_134": 0.0, "y_135": 0.0, "y_136": 0.0, "y_137": 0.0, "y_138": -10.029741, "y_139": 0.0, "y_14": 0.0, "y_140": 0.0, "y_141": 0.0, "y_142": 0.0, "y_143": 0.0, "y_144": -13.609403, "y_145": 0.0, "y_146": 30.649807, "y_147": 0.0, "y_148": 128.74031, "y_149": -98.845444, "y_15": 0.283616, "y_150": 0.0, "y_151": 0.0, "y_152": 0.0, "y_153": 0.0, "y_154": 0.0, "y_155": 0.0, "y_156": 0.0, "y_157": 133.0501, "y_158": -150.84968, "y_159": -17.799581, "y_16": 1.073162, "y_160": 0.0, "y_161": 19.951965, "y_162": 0.0, "y_163": -235.2265, "y_164": 0.0, "y_165": 0.0, "y_166": 85.263577, "y_167": 0.0, "y_168": 0.0, "y_169": 0.0, "y_17": 0.0, "y_170": 0.0, "y_171": 0.0, "y_172": 0.0, "y_173": -146.72566, "y_174": 0.0, "y_175": 0.0, "y_176": 0.0, "y_177": 0.0, "y_178": 222.15444, "y_179": -184.97321, "y_18": 0.0, "y_180": 46.051567, "y_181": 45.757564, "y_182": 0.0, "y_183": 0.0, "y_184": 0.0, "y_185": 0.0, "y_186": 0.0, "y_187": 0.0, "y_188": 0.0, "y_189": -10.663765, "y_19": 0.0, "y_190": 56.456301, "y_191": 0.0, "y_192": 0.0, "y_193": 0.0, "y_194": -121.28781, "y_195": 0.0, "y_196": 0.0, "y_197": 0.0, "y_198": -135.46108, "y_199": 50.555562, "y_2": 0.0, "y_20": 0.0, "y_200": 0.0, "y_201": 109.31886, "y_202": 0.0, "y_203": -38.866813, "y_204": 39.930653, "y_205": 0.0, "y_206": 0.0, "y_207": 0.0, "y_208": 28.080347, "y_209": 0.0, "y_21": 0.0, "y_210": -154.15478, "y_211": -156.35365, "y_212": 0.0, "y_213": 156.35365, "y_214": 156.35365, "y_215": 19.691389, "y_216": 0.0, "y_217": 0.0, "y_218": 0.0, "y_219": 217.66938, "y_22": 3.646596, "y_220": 46.575622, "y_221": 0.0, "y_222": 0.0, "y_223": 0.0, "y_224": 0.0, "y_225": 0.0, "y_226": 209.89613, "y_227": 0.0, "y_228": -197.41706, "y_229": 0.0, "y_23": 0.0, "y_230": 0.0, "y_231": 0.0, "y_232": 0.0, "y_233": 0.0, "y_234": 405.50927, "y_235": 292.19077, "y_236": 0.0, "y_237": 541.6089, "y_238": 252.45261, "y_239": 0.0, "y_24": -1.555064, "y_240": -70.32422, "y_241": -70.481503, "y_242": 0.0, "y_243": -140.96301, "y_244": 0.0, "y_245": 0.0, "y_246": 0.0, "y_247": 0.0, "y_248": 0.0, "y_249": 0.0, "y_25": 0.0, "y_250": 0.0, "y_251": 0.0, "y_252": 0.0, "y_253": -156.70119, "y_254": 0.0, "y_255": -55.725357, "y_256": -24.004821, "y_257": 0.0, "y_258": 0.0, "y_259": 0.0, "y_26": 0.0, "y_260": 0.0, "y_261": 0.0, "y_262": 0.0, "y_263": 0.0, "y_264": -36.272885, "y_265": 0.0, "y_266": 0.0, "y_267": 0.0, "y_268": 0.0, "y_269": 310.54119, "y_27": -1.555164, "y_270": 0.0, "y_271": 14.949247, "y_272": 0.0, "y_273": 29.898494, "y_274": 0.0, "y_275": 0.0, "y_276": 32.718158, "y_277": 0.0, "y_278": 0.0, "y_279": 0.0, "y_28": 3.911969, "y_280": 0.0, "y_281": 0.0, "y_282": 0.0, "y_283": 0.0, "y_284": 24.048342, "y_285": 24.048342, "y_286": 38.880845, "y_287": 0.0, "y_288": 13.095747, "y_289": 0.0, "y_29": 0.0, "y_290": 0.0, "y_291": 0.0, "y_292": 0.0, "y_293": 0.0, "y_294": 0.0, "y_295": 0.0, "y_296": -51.246192, "y_297": 57.619029, "y_298": 43.865252, "y_299": -41.979025, "y_3": 0.0, "y_30": 0.0, "y_300": 0.0, "y_301": -0.075741, "y_302": 0.0, "y_303": 0.0, "y_304": 0.0, "y_305": 67.754937, "y_306": 0.0, "y_307": 7.1992385, "y_308": 0.0, "y_309": 0.0, "y_31": -0.347045, "y_310": 0.0, "y_311": 0.0, "y_312": 0.0, "y_313": -6.999293, "y_314": 59.965977, "y_315": 66.96527, "y_316": 0.0, "y_317": 0.0, "y_318": 39.495356, "y_319": -123.82603, "y_32": 0.0, "y_320": 0.0, "y_321": 0.0, "y_322": 0.0, "y_323": 0.0, "y_324": -150.86077, "y_325": 0.0, "y_326": 0.0, "y_327": -231.79896, "y_328": 0.0, "y_329": 0.0, "y_33": 0.0, "y_330": 0.0, "y_331": -53.222106, "y_332": -53.222106, "y_333": -186.19954, "y_334": 0.0, "y_335": 0.0, "y_336": 0.0, "y_337": 0.0, "y_338": 0.0, "y_339": 0.0, "y_34": 0.0, "y_340": 0.0, "y_341": 0.0, "y_342": 0.0, "y_343": -147.25984, "y_344": -18.611888, "y_345": 0.0, "y_346": 0.0, "y_347": 0.0, "y_348": 0.0, "y_349": 49.997581, "y_35": 0.0, "y_350": 0.0, "y_351": 0.0, "y_352": 0.0, "y_353": 0.0, "y_354": 0.0, "y_355": 0.0, "y_356": -63.974563, "y_357": 0.0, "y_358": 0.0, "y_359": -304.01259, "y_36": 0.0, "y_37": 0.0, "y_38": 23.575471, "y_39": 23.575471, "y_4": 0.0, "y_40": 0.0, "y_41": 0.0, "y_42": 0.0, "y_43": 204.28681, "y_44": 0.0, "y_45": 0.0, "y_46": 0.0, "y_47": 3.103653, "y_48": 0.0, "y_49": -6.759933, "y_5": 0.0, "y_50": 0.0, "y_51": 148.25162, "y_52": 0.0, "y_53": 42.160393, "y_54": -18.02601, "y_55": 0.0, "y_56": 0.0, "y_57": 0.0, "y_58": 0.0, "y_59": 112.58057, "y_6": 0.0, "y_60": 0.0, "y_61": 594.5581, "y_62": 0.0, "y_63": -451.26815, "y_64": 1640.3844, "y_65": 0.0, "y_66": 0.0, "y_67": 0.0, "y_68": 0.0, "y_69": 0.0, "y_7": 0.0, "y_70": 0.0, "y_71": 0.0, "y_72": 0.0, "y_73": 0.0, "y_74": 0.0, "y_75": -173.79906, "y_76": -71.404112, "y_77": -71.404112, "y_78": 0.0, "y_79": 0.0, "y_8": 0.0, "y_80": 0.0, "y_81": 627.33897, "y_82": 0.0, "y_83": 2.622491, "y_84": 0.0, "y_85": 0.0, "y_86": 0.0, "y_87": 0.0, "y_88": 1760.7832, "y_89": 0.0, "y_9": -1.807737, "y_90": 0.0, "y_91": 0.0, "y_92": 0.0, "y_93": 0.0, "y_94": 0.0, "y_95": 0.0, "y_96": 0.0, "y_97": 0.0, "y_98": 0.0, "y_99": -181.47635}