{"utilization": 0.54339436, "y_0": -6.805401, "y_1": 0.0, "y_10": -0.41248, "y_100": 0.0, "y_101": 0.0, "y_102": 0.0, "y_103": 0.0, "y_104": 11.28252, "y_105": 0.0, "y_106": 0.0, "y_107": 0.0, "y_108": 6.164848, "y_109": -2.061035, "y_11": 0.41248, "y_110": 0.0, "y_111": 0.0, "y_112": 0.0, "y_113": 0.0, "y_114": -13.260214, "y_115": 0.0, "y_116": 0.0, "y_117": -18.679105, "y_118": 0.0, "y_119": -59.958869, "y_12": 0.41248, "y_120": 0.0, "y_121": -0.111749, "y_122": 0.0, "y_123": -0.111749, "y_124": 0.111749, "y_125": 0.0, "y_126": 0.0, "y_127": 0.0, "y_128": 0.0, "y_129": 28.686098, "y_13": 0.0, "y_130": -97.129005, "y_131": 0.0, "y_132": 0.0, "y_133": 93.529419, "y_134": 0.0, "y_135": 0.0, "y_136": 4.605693, "y_137": 0.0, "y_138": 0.0, "y_139": 0.0, "y_14": 0.0, "y_140": 0.0, "y_141": -8.436472, "y_142": 0.0, "y_143": 0.764269, "y_144": 0.0, "y_145": 0.0, "y_146": 32.641533, "y_147": 0.0, "y_148": 0.0, "y_149": 0.0, "y_15": 0.0, "y_150": 0.0, "y_151": -197.22808, "y_152": 0.0, "y_153": 208.53073, "y_154": 0.0, "y_155": 0.0, "y_156": 0.0, "y_157": 0.0, "y_158": 0.0, "y_159": 52.709649, "y_16": 0.439147, "y_160": 0.0, "y_161": 0.0, "y_162": 0.0, "y_163": 0.0, "y_164": 0.0, "y_165": 0.0, "y_166": 8.9761305, "y_167": 0.0, "y_168": 0.0, "y_169": 0.0, "y_17": 0.0, "y_170": 0.0, "y_171": 0.0, "y_172": 0.0, "y_173": 0.0, "y_174": -23.135221, "y_175": 0.0, "y_176": 66.67826, "y_177": 0.0, "y_178": 0.0, "y_179": 0.0, "y_18": 0.0, "y_180": 0.0, "y_181": 8.2107752, "y_182": 0.0, "y_183": 0.0, "y_184": 0.0, "y_185": 0.0, "y_186": 0.0, "y_187": 0.0, "y_188": 8.6393175, "y_189": 8.6393175, "y_19": 0.0, "y_190": 21.294835, "y_191": 0.0, "y_192": 0.0, "y_193": 0.0, "y_194": -107.19772, "y_195": 0.0, "y_196": 0.0, "y_197": 0.0, "y_198": -120.74594, "y_199": 17.67705, "y_2": 0.0, "y_20": 0.0, "y_200": 0.0, "y_201": 0.0, "y_202": 0.0, "y_203": 0.0, "y_204": 9.3128535, "y_205": 0.0, "y_206": 0.0, "y_207": 0.0, "y_208": 0.0, "y_209": 0.0, "y_21": 0.0, "y_210": 0.0, "y_211": 0.0, "y_212": 0.0, "y_213": 0.0, "y_214": 0.0, "y_215": 0.0, "y_216": 0.0, "y_217": 0.0, "y_218": 5.406891, "y_219": 0.0, "y_22": 0.0, "y_220": -373.17108, "y_221": 0.0, "y_222": 0.0, "y_223": 359.03338, "y_224": 0.0, "y_225": 0.0, "y_226": 0.0, "y_227": 0.0, "y_228": 272.68354, "y_229": -475.88893, "y_23": 4.531955, "y_230": 0.0, "y_231": 151.3967, "y_232": 0.0, "y_233": 0.0, "y_234": 0.0, "y_235": 20.871882, "y_236": 0.0, "y_237": 0.0, "y_238": 0.0, "y_239": 77.445088, "y_24": -1.510912, "y_240": 1.756323, "y_241": 0.0, "y_242": 0.0, "y_243": 0.0, "y_244": 0.0, "y_245": 3.782219, "y_246": 0.0, "y_247": 24.300839, "y_248": 0.0, "y_249": 24.300839, "y_25": 0.0, "y_250": 0.0, "y_251": 6.387357, "y_252": 0.0, "y_253": 130.65766, "y_254": 0.0, "y_255": 18.29462, "y_256": 28.842338, "y_257": 0.0, "y_258": 0.0, "y_259": 0.0, "y_26": 0.0, "y_260": 0.0, "y_261": 0.0, "y_262": 0.0, "y_263": 0.0, "y_264": -39.829445, "y_265": 0.0, "y_266": 0.0, "y_267": 0.0, "y_268": -139.96401, "y_269": 275.8076, "y_27": 0.0, "y_270": 11.440918, "y_271": 11.245057, "y_272": 0.0, "y_273": 22.490114, "y_274": 0.0, "y_275": 0.0, "y_276": 0.0, "y_277": 0.0, "y_278": 0.0, "y_279": 0.0, "y_28": 7.186465, "y_280": 10.281942, "y_281": 0.0, "y_282": 0.0, "y_283": 0.0, "y_284": 17.404712, "y_285": 17.404712, "y_286": 0.0, "y_287": 0.0, "y_288": 9.7844773, "y_289": 9.178715, "y_29": 0.0, "y_290": 0.0, "y_291": 0.0, "y_292": 7.262843, "y_293": 0.0, "y_294": 0.0, "y_295": 0.0, "y_296": 0.0, "y_297": 63.804056, "y_298": 11.147139, "y_299": 0.0, "y_3": 0.0, "y_30": 0.0, "y_300": 0.0, "y_301": 1.870497, "y_302": 0.0, "y_303": 34.411469, "y_304": -30.670475, "y_305": 70.006627, "y_306": 0.0, "y_307": -218.66559, "y_308": 0.0, "y_309": 0.0, "y_31": 0.0, "y_310": 0.0, "y_311": 0.0, "y_312": 0.0, "y_313": 0.0, "y_314": 61.057912, "y_315": 213.32439, "y_316": 0.0, "y_317": 0.0, "y_318": 0.0, "y_319": 0.0, "y_32": 0.0, "y_320": 0.0, "y_321": 0.0, "y_322": 0.0, "y_323": 0.0, "y_324": 80.957285, "y_325": 0.0, "y_326": -229.56535, "y_327": 0.0, "y_328": 0.0, "y_329": 0.0, "y_33": 0.0, "y_330": 2.989381, "y_331": 0.0, "y_332": 0.0, "y_333": 186.96324, "y_334": 0.0, "y_335": 0.0, "y_336": 0.0, "y_337": 59.760106, "y_338": 0.0, "y_339": 59.760106, "y_34": 0.0, "y_340": 0.0, "y_341": 0.0, "y_342": 0.0, "y_343": 201.19558, "y_344": 0.0, "y_345": 0.0, "y_346": 0.0, "y_347": 68.859562, "y_348": 0.0, "y_349": -72.572071, "y_35": 0.0, "y_350": 0.0, "y_351": 0.0, "y_352": 0.0, "y_353": 0.0, "y_354": 0.0, "y_355": 0.288741, "y_356": 68.112031, "y_357": 0.0, "y_358": -249.98537, "y_359": 0.0, "y_36": 0.0, "y_37": 0.0, "y_38": 0.0, "y_39": 10.191478, "y_4": 0.0, "y_40": 0.0, "y_41": -3.614691, "y_42": -3.614691, "y_43": 154.66576, "y_44": -22.48912, "y_45": 0.0, "y_46": 0.0, "y_47": 0.0, "y_48": 0.0, "y_49": -7.816472, "y_5": 0.0, "y_50": 0.0, "y_51": 17.330952, "y_52": 0.0, "y_53": 0.0, "y_54": -13.561226, "y_55": 0.0, "y_56": 15.570521, "y_57": 0.0, "y_58": 0.0, "y_59": 0.0, "y_6": -1.854821, "y_60": 0.688917, "y_61": 0.0, "y_62": 0.0, "y_63": 0.0, "y_64": 0.0, "y_65": 0.0, "y_66": 0.0, "y_67": 0.0, "y_68": 0.0, "y_69": 178.72368, "y_7": 0.0, "y_70": 0.0, "y_71": 27.253872, "y_72": 0.0, "y_73": 408.53623, "y_74": 0.0, "y_75": 55.868402, "y_76": 61.980154, "y_77": 0.0, "y_78": 0.0, "y_79": 0.0, "y_8": 3.020943, "y_80": 0.0, "y_81": 600.90843, "y_82": 0.0, "y_83": 0.0, "y_84": 0.0, "y_85": 0.0, "y_86": 229.00963, "y_87": 0.0, "y_88": -422.66414, "y_89": 500.31732, "y_9": 3.020943, "y_90": 0.0, "y_91": 1.999552, "y_92": 0.0, "y_93": 0.0, "y_94": 0.0, "y_95": 0.0, "y_96": 22.792893, "y_97": 0.0, "y_98": 0.0, "y_99": -147.15575}