{"utilization": 0.52388581, "y_0": -6.934972, "y_1": 0.0, "y_10": 0.0, "y_100": -5.708713, "y_101": 0.0, "y_102": 0.0, "y_103": 0.0, "y_104": 0.0, "y_105": 0.0, "y_106": 0.0, "y_107": 0.0, "y_108": -149.09237, "y_109": 15.350528, "y_11": 0.0, "y_110": -5.256947, "y_111": 0.0, "y_112": 0.0, "y_113": 0.0, "y_114": 0.0, "y_115": 0.0, "y_116": 0.0, "y_117": 0.0, "y_118": 0.0, "y_119": 0.0, "y_12": 0.0, "y_120": 0.0, "y_121": -0.392843, "y_122": 0.0, "y_123": -0.392843, "y_124": 0.392843, "y_125": 0.0, "y_126": 0.0, "y_127": -12.55508, "y_128": 0.0, "y_129": -12.55508, "y_13": 6.881639, "y_130": -94.494392, "y_131": 0.0, "y_132": 0.0, "y_133": 91.19956, "y_134": -6.876232, "y_135": 0.0, "y_136": -49.337808, "y_137": 0.0, "y_138": 0.0, "y_139": 0.0, "y_14": 0.0, "y_140": 8.355725, "y_141": 0.0, "y_142": 0.0, "y_143": 0.0, "y_144": 0.0, "y_145": 9.309213, "y_146": 0.0, "y_147": 0.0, "y_148": 0.0, "y_149": 16.220787, "y_15": 0.0, "y_150": 0.38792, "y_151": 0.0, "y_152": 0.0, "y_153": 0.0, "y_154": 0.0, "y_155": 0.0, "y_156": 0.0, "y_157": -15.00816, "y_158": 0.0, "y_159": -15.00816, "y_16": 0.0, "y_160": 0.0, "y_161": 0.0, "y_162": 0.0, "y_163": 0.0, "y_164": -147.77437, "y_165": 0.0, "y_166": 0.0, "y_167": 0.0, "y_168": 0.0, "y_169": 0.0, "y_17": 0.0, "y_170": 0.0, "y_171": 132.8597, "y_172": 0.0, "y_173": 0.0, "y_174": -16.133669, "y_175": 0.0, "y_176": -55.810291, "y_177": 0.0, "y_178": -10.407291, "y_179": 107.57745, "y_18": 0.0, "y_180": 0.0, "y_181": -0.332848, "y_182": 0.0, "y_183": 0.0, "y_184": 0.0, "y_185": 94.462861, "y_186": -23.731595, "y_187": 0.0, "y_188": 0.0, "y_189": 10.695774, "y_19": -2.529483, "y_190": 0.0, "y_191": 0.0, "y_192": 0.0, "y_193": 60.188573, "y_194": 60.188573, "y_195": 0.0, "y_196": 0.0, "y_197": -127.62023, "y_198": 0.0, "y_199": 125.36164, "y_2": 0.0, "y_20": 0.0, "y_200": 0.0, "y_201": 0.0, "y_202": 0.0, "y_203": 0.0, "y_204": 0.0, "y_205": 0.0, "y_206": 0.0, "y_207": -0.369301, "y_208": -65.162706, "y_209": 0.0, "y_21": 0.0, "y_210": 0.0, "y_211": -0.367552, "y_212": 0.0, "y_213": -0.367552, "y_214": 0.367552, "y_215": 0.0, "y_216": 32.963547, "y_217": 0.0, "y_218": -98.305805, "y_219": 0.0, "y_22": -0.08, "y_220": -312.84769, "y_221": 0.0, "y_222": 0.0, "y_223": 300.14257, "y_224": 0.0, "y_225": 0.0, "y_226": 0.0, "y_227": 0.0, "y_228": 252.05044, "y_229": -408.8566, "y_23": 0.0, "y_230": 0.0, "y_231": 0.0, "y_232": 0.0, "y_233": -108.20569, "y_234": 0.0, "y_235": -31.240621, "y_236": 0.0, "y_237": 0.0, "y_238": 0.0, "y_239": 62.107179, "y_24": -3.693198, "y_240": 0.0, "y_241": 0.0, "y_242": 0.0, "y_243": 0.0, "y_244": 0.0, "y_245": 0.0, "y_246": 0.0, "y_247": 0.0, "y_248": 0.0, "y_249": 0.0, "y_25": 0.0, "y_250": 0.0, "y_251": -204.33046, "y_252": 210.59359, "y_253": 140.44911, "y_254": 0.0, "y_255": 140.44911, "y_256": -25.03524, "y_257": 0.0, "y_258": 248.1298, "y_259": 0.0, "y_26": 0.0, "y_260": 0.0, "y_261": 0.0, "y_262": 0.0, "y_263": 0.0, "y_264": 0.0, "y_265": 0.0, "y_266": 0.0, "y_267": 0.0, "y_268": -146.24569, "y_269": 284.85495, "y_27": 0.0, "y_270": 0.0, "y_271": -0.0001, "y_272": 0.0, "y_273": 0.0, "y_274": 0.0, "y_275": 0.0, "y_276": 0.0, "y_277": 0.0, "y_278": 0.0, "y_279": 0.0, "y_28": 0.0, "y_280": 0.0, "y_281": 0.0, "y_282": 0.0, "y_283": 0.0, "y_284": 8.4599943, "y_285": 8.4599943, "y_286": 36.817938, "y_287": -31.058154, "y_288": 5.7597837, "y_289": 0.0, "y_29": 0.0, "y_290": 0.0, "y_291": 0.0, "y_292": 0.0, "y_293": 0.0, "y_294": 0.0, "y_295": 0.0, "y_296": -50.208207, "y_297": 58.989719, "y_298": -2.960757, "y_299": 4.891416, "y_3": 0.0, "y_30": 0.0, "y_300": 0.0, "y_301": 1.6571697, "y_302": 0.0, "y_303": 0.0, "y_304": 0.0, "y_305": 0.0, "y_306": 0.0, "y_307": 5.7347985, "y_308": 0.0, "y_309": 0.0, "y_31": -0.054667, "y_310": 0.0, "y_311": 0.0, "y_312": 0.0, "y_313": 0.0, "y_314": 11.641204, "y_315": 11.641204, "y_316": 0.0, "y_317": 0.0, "y_318": 11.338699, "y_319": -5.000173, "y_32": 0.0, "y_320": 0.0, "y_321": 0.0, "y_322": 0.0, "y_323": 0.0, "y_324": 0.0, "y_325": 0.0, "y_326": 0.0, "y_327": -211.04012, "y_328": 0.0, "y_329": 0.0, "y_33": 0.0, "y_330": 0.0, "y_331": -1.491096, "y_332": -1.491096, "y_333": 0.0, "y_334": 0.0, "y_335": 0.0, "y_336": 0.0, "y_337": -8.140019, "y_338": 0.0, "y_339": -8.140019, "y_34": 0.0, "y_340": -85.826744, "y_341": 1.745435, "y_342": 1.745435, "y_343": 25.111643, "y_344": 0.0, "y_345": 0.0, "y_346": 0.0, "y_347": 0.0, "y_348": 0.0, "y_349": 0.0, "y_35": 0.0, "y_350": 0.0, "y_351": 0.0, "y_352": 0.0, "y_353": -78.687974, "y_354": 0.0, "y_355": 0.0, "y_356": 0.0, "y_357": 0.0, "y_358": 0.0, "y_359": -262.03665, "y_36": 0.0, "y_37": -6.11332, "y_38": 0.0, "y_39": -6.11332, "y_4": 0.0, "y_40": 0.0, "y_41": 0.0, "y_42": 1.947997, "y_43": 201.32117, "y_44": 0.0, "y_45": 0.0, "y_46": 0.0, "y_47": 0.0, "y_48": 195.5627, "y_49": 0.0, "y_5": 0.0, "y_50": 0.0, "y_51": 166.32217, "y_52": 0.0, "y_53": -17.232933, "y_54": -7.805109, "y_55": 0.0, "y_56": 0.0, "y_57": 0.0, "y_58": 0.0, "y_59": 145.76342, "y_6": 0.0, "y_60": 0.0, "y_61": 0.0, "y_62": 0.0, "y_63": 0.0, "y_64": 0.0, "y_65": 0.0, "y_66": 0.0, "y_67": 0.0, "y_68": 0.0, "y_69": 0.0, "y_7": -0.138325, "y_70": 0.0, "y_71": -210.7771, "y_72": 0.0, "y_73": 473.94254, "y_74": 0.0, "y_75": 29.192244, "y_76": -68.105131, "y_77": 0.0, "y_78": -68.105131, "y_79": 0.0, "y_8": 0.0, "y_80": 0.0, "y_81": 651.44491, "y_82": 0.0, "y_83": 0.0, "y_84": 0.0, "y_85": 0.0, "y_86": 0.0, "y_87": 0.0, "y_88": -486.91419, "y_89": 566.30543, "y_9": 0.470128, "y_90": 0.0, "y_91": -0.0001, "y_92": 0.0, "y_93": 139.38911, "y_94": -42.641373, "y_95": 0.0, "y_96": 15.296797, "y_97": -160.82453, "y_98": 0.0, "y_99": 0.0}