{"utilization": 0.13055487, "y_0": 1.150094, "y_1": 6.747455, "y_10": -1.402539, "y_100": 0.0, "y_101": 0.0, "y_102": 0.0, "y_103": -6.107334, "y_104": 0.0, "y_105": 0.0, "y_106": 0.0, "y_107": 0.0, "y_108": -179.92262, "y_109": 0.0, "y_11": 1.402539, "y_110": 0.0, "y_111": 0.0, "y_112": 0.0, "y_113": 0.0, "y_114": 0.0, "y_115": 0.0, "y_116": 0.0, "y_117": 0.0, "y_118": 0.0, "y_119": 57.174781, "y_12": 1.402539, "y_120": 0.0, "y_121": -0.553083, "y_122": 0.0, "y_123": -0.553083, "y_124": -0.553083, "y_125": 0.0, "y_126": 0.0, "y_127": 0.0, "y_128": 0.0, "y_129": -14.085491, "y_13": 0.0, "y_130": -102.86477, "y_131": 0.0, "y_132": 0.0, "y_133": 96.922862, "y_134": 0.0, "y_135": 0.0, "y_136": -48.200534, "y_137": 0.0, "y_138": 89.041001, "y_139": 0.0, "y_14": 0.0, "y_140": 9.195627, "y_141": -9.370427, "y_142": -7.346325, "y_143": 0.0, "y_144": 0.0, "y_145": 0.0, "y_146": 0.0, "y_147": -9.431475, "y_148": 0.0, "y_149": 0.0, "y_15": 0.0, "y_150": 0.0, "y_151": -0.413952, "y_152": -137.35104, "y_153": 0.0, "y_154": 136.52314, "y_155": 0.0, "y_156": 0.0, "y_157": 0.0, "y_158": 0.0, "y_159": 0.0, "y_16": -4.546647, "y_160": -18.575677, "y_161": -181.98931, "y_162": 0.0, "y_163": 0.0, "y_164": -232.19833, "y_165": 0.0, "y_166": -81.79597, "y_167": -81.79597, "y_168": 0.0, "y_169": 0.0, "y_17": 0.0, "y_170": 0.0, "y_171": 213.3331, "y_172": 0.0, "y_173": 0.0, "y_174": -33.013573, "y_175": 0.0, "y_176": 53.22309, "y_177": -34.541994, "y_178": 0.0, "y_179": 166.97354, "y_18": 0.0, "y_180": 0.0, "y_181": -0.675221, "y_182": 0.0, "y_183": 0.0, "y_184": 0.0, "y_185": 0.0, "y_186": 0.0, "y_187": 0.0, "y_188": -12.238752, "y_189": -12.238752, "y_19": 0.0, "y_190": 3.773243, "y_191": 0.0, "y_192": 0.0, "y_193": 0.0, "y_194": -101.95888, "y_195": 0.0, "y_196": 0.0, "y_197": 0.0, "y_198": -112.39787, "y_199": 0.0, "y_2": 0.0, "y_20": 0.0, "y_200": 0.0, "y_201": 0.0, "y_202": 0.0, "y_203": 0.0, "y_204": -11.141659, "y_205": 0.0, "y_206": -43.608443, "y_207": 0.0, "y_208": -11.794759, "y_209": 0.0, "y_21": 0.0, "y_210": 0.0, "y_211": 0.0, "y_212": 0.0, "y_213": 0.0, "y_214": 0.0, "y_215": 0.0, "y_216": 0.0, "y_217": 7.748907, "y_218": 0.0, "y_219": 0.0, "y_22": 0.0, "y_220": -22.215976, "y_221": 31.083512, "y_222": 0.0, "y_223": 0.0, "y_224": -32.378245, "y_225": 0.0, "y_226": 0.0, "y_227": 0.0, "y_228": -52.893536, "y_229": 0.0, "y_23": 0.0, "y_230": 0.0, "y_231": 0.0, "y_232": 0.0, "y_233": 0.0, "y_234": 307.13818, "y_235": -274.083, "y_236": 0.0, "y_237": 0.0, "y_238": 0.0, "y_239": 0.0, "y_24": -1.933731, "y_240": 0.0, "y_241": -0.341728, "y_242": 67.755095, "y_243": -68.438551, "y_244": 0.0, "y_245": 0.0, "y_246": 0.0, "y_247": 0.0, "y_248": -117.12445, "y_249": -117.12445, "y_25": 0.0, "y_250": 0.0, "y_251": 0.0, "y_252": 0.0, "y_253": -15.759416, "y_254": -2.962061, "y_255": -18.721477, "y_256": -4.341552, "y_257": 0.0, "y_258": 0.0, "y_259": -74.686556, "y_26": 0.0, "y_260": 0.0, "y_261": 0.0, "y_262": 0.0, "y_263": 0.0, "y_264": -113.87218, "y_265": 0.0, "y_266": -248.78331, "y_267": 0.0, "y_268": 0.0, "y_269": 331.99341, "y_27": -1.933831, "y_270": 0.0, "y_271": 0.557992, "y_272": 0.0, "y_273": 0.0, "y_274": 0.0, "y_275": 0.0, "y_276": 0.0, "y_277": 0.0, "y_278": 0.0, "y_279": 0.0, "y_28": 0.0, "y_280": 0.0, "y_281": 0.0, "y_282": 0.0, "y_283": 0.0, "y_284": 1.7906455, "y_285": 0.0, "y_286": 0.0, "y_287": 2.490563, "y_288": 0.0, "y_289": 8.397795, "y_29": 0.383933, "y_290": 0.0, "y_291": 0.0, "y_292": 0.0, "y_293": 0.0, "y_294": 0.0, "y_295": 0.0, "y_296": -46.560724, "y_297": 57.96094, "y_298": 0.0, "y_299": 1.09284, "y_3": -6.747455, "y_30": 0.0, "y_300": 151.90588, "y_301": 52.863951, "y_302": 0.0, "y_303": 0.0, "y_304": 105.7279, "y_305": 0.0, "y_306": 0.0, "y_307": -205.97629, "y_308": 0.0, "y_309": 0.0, "y_31": -0.026667, "y_310": 0.0, "y_311": 0.0, "y_312": 0.0, "y_313": 0.0, "y_314": -189.65184, "y_315": 0.0, "y_316": 0.0, "y_317": 0.0, "y_318": -201.70213, "y_319": 0.0, "y_32": 0.0, "y_320": 0.0, "y_321": 182.97377, "y_322": 0.0, "y_323": 0.0, "y_324": 0.0, "y_325": 0.0, "y_326": -215.25412, "y_327": 0.0, "y_328": 0.0, "y_329": 139.01336, "y_33": 0.0, "y_330": -207.10525, "y_331": -207.62199, "y_332": -207.62199, "y_333": 0.0, "y_334": 0.0, "y_335": 0.0, "y_336": 0.0, "y_337": -104.84786, "y_338": 0.0, "y_339": 0.0, "y_34": 0.0, "y_340": 0.0, "y_341": 0.0, "y_342": 0.0, "y_343": 0.0, "y_344": 0.0, "y_345": 0.0, "y_346": 0.0, "y_347": 0.0, "y_348": 0.0, "y_349": 203.79645, "y_35": 0.0, "y_350": 0.0, "y_351": 58.152125, "y_352": 0.0, "y_353": -160.79763, "y_354": 161.23965, "y_355": 0.0, "y_356": 0.0, "y_357": 0.0, "y_358": -249.35066, "y_359": 0.0, "y_36": 0.0, "y_37": 0.0, "y_38": 0.0, "y_39": 0.0, "y_4": 0.0, "y_40": 0.0, "y_41": 0.0, "y_42": 3.408, "y_43": 210.10442, "y_44": 0.0, "y_45": 0.0, "y_46": 0.0, "y_47": 0.0, "y_48": 0.0, "y_49": 0.0, "y_5": 6.694122, "y_50": 0.0, "y_51": 0.0, "y_52": 0.0, "y_53": 0.0, "y_54": -30.125744, "y_55": 0.0, "y_56": -9.066965, "y_57": 0.0, "y_58": 0.0, "y_59": 97.23088, "y_6": 0.0, "y_60": 0.0, "y_61": 397.63641, "y_62": 0.0, "y_63": -375.40353, "y_64": 0.0, "y_65": 0.0, "y_66": 0.0, "y_67": 0.0, "y_68": 0.0, "y_69": 0.0, "y_7": 0.0, "y_70": 0.0, "y_71": 0.0, "y_72": 0.0, "y_73": 0.0, "y_74": 0.0, "y_75": -174.27303, "y_76": -70.171381, "y_77": 0.0, "y_78": -70.171381, "y_79": 0.0, "y_8": 0.0, "y_80": 0.0, "y_81": 607.08986, "y_82": 0.0, "y_83": 0.0, "y_84": -86.136992, "y_85": 0.0, "y_86": 0.0, "y_87": 70.619427, "y_88": 0.0, "y_89": 501.24156, "y_9": -2.10329, "y_90": 0.0, "y_91": -0.026667, "y_92": -14.298971, "y_93": 156.51531, "y_94": 0.0, "y_95": 0.0, "y_96": -90.489413, "y_97": -190.0342, "y_98": 0.0, "y_99": 0.0}