{"utilization": 0.4080845, "y_0": -6.001407, "y_1": 0.0, "y_10": 0.0, "y_100": 0.0, "y_101": 0.0, "y_102": 0.0, "y_103": 0.0, "y_104": 0.0, "y_105": 0.0, "y_106": 0.0, "y_107": 0.0, "y_108": -166.7824, "y_109": 9.58864, "y_11": 0.0, "y_110": 0.0, "y_111": 0.0, "y_112": 0.0, "y_113": 0.0, "y_114": 0.0, "y_115": 0.0, "y_116": 0.0, "y_117": 5.774507, "y_118": 0.0, "y_119": 59.969899, "y_12": 0.0, "y_120": 0.0, "y_121": 0.0, "y_122": 0.0, "y_123": 0.0, "y_124": 0.0, "y_125": 0.0, "y_126": 0.0, "y_127": 0.0, "y_128": 0.0, "y_129": 34.167029, "y_13": 0.0, "y_130": -118.04274, "y_131": 0.0, "y_132": 0.0, "y_133": 110.83746, "y_134": 0.0, "y_135": 0.0, "y_136": 6.647008, "y_137": 0.0, "y_138": 0.0, "y_139": 0.0, "y_14": -1.436248, "y_140": 0.0, "y_141": 0.0, "y_142": 29.505088, "y_143": 0.0, "y_144": 0.0, "y_145": 0.577656, "y_146": 39.840325, "y_147": 0.0, "y_148": 0.0, "y_149": 0.0, "y_15": 1.7558, "y_150": 118.77383, "y_151": 116.72022, "y_152": 0.0, "y_153": 233.44045, "y_154": 0.0, "y_155": 0.0, "y_156": 0.0, "y_157": 24.647182, "y_158": 0.0, "y_159": 24.647182, "y_16": 0.0, "y_160": 218.13964, "y_161": 0.0, "y_162": 0.0, "y_163": 0.0, "y_164": 0.0, "y_165": 0.0, "y_166": 21.77901, "y_167": 21.77901, "y_168": 0.0, "y_169": 177.96619, "y_17": -1.369746, "y_170": 0.0, "y_171": 0.0, "y_172": 0.0, "y_173": 0.0, "y_174": 139.1067, "y_175": 0.0, "y_176": 0.0, "y_177": 40.389334, "y_178": 0.0, "y_179": 23.245309, "y_18": 0.0, "y_180": 0.0, "y_181": 22.685867, "y_182": 45.371734, "y_183": 0.0, "y_184": 0.0, "y_185": 0.0, "y_186": 0.0, "y_187": 0.0, "y_188": 30.11008, "y_189": 30.11008, "y_19": 1.239013, "y_190": 61.253494, "y_191": 0.0, "y_192": 0.0, "y_193": 0.0, "y_194": -117.40497, "y_195": 0.0, "y_196": 0.0, "y_197": 0.0, "y_198": -132.90203, "y_199": 10.129651, "y_2": 0.0, "y_20": 0.0, "y_200": 0.0, "y_201": 0.0, "y_202": 0.0, "y_203": 0.0, "y_204": 0.0, "y_205": 0.0, "y_206": 39.088605, "y_207": 0.0, "y_208": 0.0, "y_209": 0.0, "y_21": 0.0, "y_210": 0.0, "y_211": -75.643859, "y_212": 151.28772, "y_213": -75.643859, "y_214": -75.643859, "y_215": 0.0, "y_216": 0.0, "y_217": 0.0, "y_218": 0.0, "y_219": 0.0, "y_22": 0.0, "y_220": -91.602375, "y_221": 0.0, "y_222": 0.0, "y_223": 0.0, "y_224": 0.0, "y_225": 0.0, "y_226": 356.00131, "y_227": -342.52783, "y_228": 0.0, "y_229": 0.0, "y_23": 0.0, "y_230": 0.0, "y_231": -20.022256, "y_232": 0.0, "y_233": 0.0, "y_234": 467.92659, "y_235": -428.03789, "y_236": -361.85084, "y_237": 0.0, "y_238": 0.0, "y_239": 0.0, "y_24": 0.0, "y_240": 7.398252, "y_241": 7.011548, "y_242": 0.0, "y_243": 14.023096, "y_244": 0.0, "y_245": 5.946469, "y_246": 0.0, "y_247": 0.0, "y_248": 0.0, "y_249": 10.388354, "y_25": 0.0, "y_250": 0.0, "y_251": -74.598351, "y_252": 0.0, "y_253": 0.0, "y_254": 0.0, "y_255": 66.050207, "y_256": 0.0, "y_257": -86.742644, "y_258": 86.742644, "y_259": 0.0, "y_26": 0.0, "y_260": 0.0, "y_261": 0.0, "y_262": 0.0, "y_263": 0.0, "y_264": 0.0, "y_265": 0.0, "y_266": 0.0, "y_267": 0.0, "y_268": 0.0, "y_269": 304.72873, "y_27": 0.0, "y_270": 0.0, "y_271": -0.186213, "y_272": -0.372426, "y_273": 0.0, "y_274": 0.0, "y_275": 0.0, "y_276": 0.0, "y_277": 164.65407, "y_278": 0.0, "y_279": 0.0, "y_28": 5.061082, "y_280": -58.378127, "y_281": 0.0, "y_282": 0.0, "y_283": 44.274469, "y_284": 44.274469, "y_285": 0.0, "y_286": 154.47617, "y_287": -71.09045, "y_288": 83.385722, "y_289": 11.083976, "y_29": 0.0, "y_290": 0.0, "y_291": 0.0, "y_292": 9.584221, "y_293": 0.0, "y_294": 0.0, "y_295": 0.0, "y_296": 0.0, "y_297": 60.397989, "y_298": 11.32085, "y_299": 0.0, "y_3": 0.0, "y_30": 0.0, "y_300": 35.438835, "y_301": 35.245774, "y_302": 0.0, "y_303": 0.0, "y_304": 0.0, "y_305": 105.48234, "y_306": 0.0, "y_307": 5.5369065, "y_308": 0.0, "y_309": 0.0, "y_31": 0.0, "y_310": 0.0, "y_311": 0.0, "y_312": 0.0, "y_313": 64.689996, "y_314": 64.689996, "y_315": 0.0, "y_316": 0.0, "y_317": 0.0, "y_318": 5.3838278, "y_319": -3.542805, "y_32": 0.0, "y_320": 0.0, "y_321": 34.185835, "y_322": 0.0, "y_323": 0.0, "y_324": -156.15764, "y_325": 0.0, "y_326": 0.0, "y_327": -227.13391, "y_328": 0.0, "y_329": 0.0, "y_33": 0.0, "y_330": 0.0, "y_331": 0.0, "y_332": 0.0, "y_333": 0.0, "y_334": 0.0, "y_335": 0.0, "y_336": 0.0, "y_337": 0.0, "y_338": 0.0, "y_339": 63.291719, "y_34": 0.0, "y_340": 0.0, "y_341": 0.0, "y_342": 0.0, "y_343": 246.98713, "y_344": -75.117805, "y_345": 0.0, "y_346": 67.452565, "y_347": -60.06461, "y_348": 0.0, "y_349": 55.938021, "y_35": 0.0, "y_350": 0.0, "y_351": 62.771949, "y_352": 0.0, "y_353": 0.0, "y_354": 0.0, "y_355": 0.0, "y_356": 0.0, "y_357": 0.0, "y_358": -285.91938, "y_359": 0.0, "y_36": 0.0, "y_37": 0.0, "y_38": 0.0, "y_39": 14.360618, "y_4": 0.0, "y_40": 0.0, "y_41": 3.489984, "y_42": 3.489984, "y_43": 199.04063, "y_44": 0.0, "y_45": 0.0, "y_46": 0.0, "y_47": 0.0, "y_48": 186.36438, "y_49": 0.0, "y_5": 0.0, "y_50": 0.0, "y_51": 142.94242, "y_52": 0.0, "y_53": 22.710719, "y_54": 0.0, "y_55": 0.0, "y_56": 0.0, "y_57": 21.542882, "y_58": 0.0, "y_59": 109.20311, "y_6": 0.0, "y_60": 0.0, "y_61": -0.479989, "y_62": 0.0, "y_63": 0.0, "y_64": 0.0, "y_65": 0.0, "y_66": 0.0, "y_67": 104.7632, "y_68": 0.0, "y_69": 104.7632, "y_7": -3.207551, "y_70": 0.0, "y_71": 97.450077, "y_72": 0.0, "y_73": 346.21987, "y_74": 0.0, "y_75": 43.774814, "y_76": 138.8706, "y_77": 0.0, "y_78": 0.0, "y_79": 78.227597, "y_8": 0.0, "y_80": 0.0, "y_81": 605.04335, "y_82": 0.0, "y_83": 0.0, "y_84": 0.0, "y_85": 0.0, "y_86": 0.0, "y_87": 0.0, "y_88": -371.42669, "y_89": 486.60422, "y_9": 0.0832745, "y_90": 4.28951, "y_91": 4.175875, "y_92": -20.073704, "y_93": 152.36356, "y_94": 0.0, "y_95": 0.0, "y_96": -92.869555, "y_97": -176.70201, "y_98": 0.0, "y_99": 0.0}