{"utilization": 0.24386358, "y_0": -6.281345, "y_1": 0.0, "y_10": 0.0, "y_100": 0.0, "y_101": 0.0, "y_102": 0.0, "y_103": 20.761808, "y_104": 20.761808, "y_105": 0.0, "y_106": 0.0, "y_107": 0.0, "y_108": 8.8497625, "y_109": 0.0, "y_11": 0.768587, "y_110": 0.0, "y_111": 0.0, "y_112": 0.0, "y_113": 0.0, "y_114": -10.618819, "y_115": 0.0, "y_116": 0.0, "y_117": -12.379774, "y_118": 0.0, "y_119": 0.0, "y_12": 0.768587, "y_120": 0.0, "y_121": 49.003832, "y_122": 0.0, "y_123": 49.003832, "y_124": 0.0, "y_125": 0.0, "y_126": 0.0, "y_127": 0.0, "y_128": 0.0, "y_129": 33.267211, "y_13": 5.724508, "y_130": 0.0, "y_131": 0.0, "y_132": 0.0, "y_133": 0.0, "y_134": 0.0, "y_135": 0.0, "y_136": 8.073755, "y_137": 0.0, "y_138": 0.0, "y_139": 97.491563, "y_14": 0.0, "y_140": 0.0, "y_141": -10.276216, "y_142": 0.0, "y_143": 0.0, "y_144": 0.0, "y_145": 0.0, "y_146": 38.372878, "y_147": 0.0, "y_148": 45.992408, "y_149": -38.11936, "y_15": 0.0, "y_150": 1.786443, "y_151": 0.0, "y_152": 0.0, "y_153": 0.0, "y_154": 0.0, "y_155": 0.0, "y_156": 0.0, "y_157": 38.57406, "y_158": 0.0, "y_159": 38.57406, "y_16": 0.0, "y_160": 0.0, "y_161": 41.7646, "y_162": 0.0, "y_163": -215.0978, "y_164": 0.0, "y_165": 0.0, "y_166": 49.751615, "y_167": 0.0, "y_168": 0.0, "y_169": 26.097592, "y_17": 0.0, "y_170": 0.0, "y_171": -21.293395, "y_172": 0.0, "y_173": 0.0, "y_174": 0.0, "y_175": 0.0, "y_176": 0.0, "y_177": 0.0, "y_178": 200.67435, "y_179": 0.0, "y_18": 0.0, "y_180": 27.423127, "y_181": 24.191644, "y_182": 0.0, "y_183": 234.30091, "y_184": 0.0, "y_185": 0.0, "y_186": 0.0, "y_187": 0.0, "y_188": 0.0, "y_189": 46.582394, "y_19": 0.0, "y_190": 0.0, "y_191": 0.0, "y_192": 0.0, "y_193": 0.0, "y_194": 121.97086, "y_195": 121.97086, "y_196": 0.0, "y_197": 0.0, "y_198": 0.0, "y_199": 0.0, "y_2": 0.0, "y_20": 0.0, "y_200": 0.0, "y_201": 0.0, "y_202": 0.0, "y_203": 0.0, "y_204": -7.317869, "y_205": 9.612432, "y_206": 64.475191, "y_207": 0.0, "y_208": 40.451262, "y_209": -22.563163, "y_21": 0.0, "y_210": -223.2054, "y_211": -223.98802, "y_212": 0.0, "y_213": 223.98802, "y_214": 223.98802, "y_215": 0.0, "y_216": 0.0, "y_217": 0.0, "y_218": 0.0, "y_219": 0.0, "y_22": 0.0, "y_220": 15.37952, "y_221": 0.0, "y_222": 0.0, "y_223": 0.0, "y_224": 0.0, "y_225": 0.0, "y_226": -15.964032, "y_227": 25.06316, "y_228": 0.0, "y_229": 0.0, "y_23": 0.152723, "y_230": 0.0, "y_231": -34.433344, "y_232": 0.0, "y_233": 0.0, "y_234": 333.4614, "y_235": 19.353027, "y_236": 0.0, "y_237": 0.0, "y_238": 420.00115, "y_239": -117.32364, "y_24": 0.0, "y_240": 0.0, "y_241": 44.82221, "y_242": 0.0, "y_243": 0.0, "y_244": 0.0, "y_245": -212.41251, "y_246": 0.0, "y_247": 0.0, "y_248": -20.27472, "y_249": -20.27472, "y_25": 0.0, "y_250": 0.0, "y_251": 0.0, "y_252": 0.0, "y_253": 125.01479, "y_254": -216.87477, "y_255": -91.859974, "y_256": -40.855267, "y_257": -40.855267, "y_258": 0.0, "y_259": 0.0, "y_26": 0.0, "y_260": 0.0, "y_261": 0.0, "y_262": 0.0, "y_263": -18.43332, "y_264": 0.0, "y_265": 0.0, "y_266": 0.0, "y_267": 0.0, "y_268": 0.0, "y_269": 284.45074, "y_27": 0.0, "y_270": 0.0, "y_271": 0.562241, "y_272": 0.0, "y_273": 0.0, "y_274": 0.0, "y_275": 0.0, "y_276": 0.0, "y_277": 15.189717, "y_278": 0.0, "y_279": 0.0, "y_28": 0.0, "y_280": 0.0, "y_281": 0.0, "y_282": 0.0, "y_283": 0.0, "y_284": 8.0838, "y_285": 8.0838, "y_286": 0.0, "y_287": 0.0, "y_288": 13.242773, "y_289": -2.265187, "y_29": 2.694755, "y_290": 0.0, "y_291": 0.0, "y_292": 0.0, "y_293": 0.0, "y_294": 0.0, "y_295": 0.0, "y_296": 0.0, "y_297": 62.131982, "y_298": 0.0, "y_299": -8.635288, "y_3": 0.0, "y_30": 0.0, "y_300": 0.0, "y_301": 2.088759, "y_302": 0.0, "y_303": 0.0, "y_304": 0.0, "y_305": 87.66592, "y_306": 0.0, "y_307": 0.0, "y_308": 0.0, "y_309": 0.0, "y_31": -0.500032, "y_310": 0.0, "y_311": 0.0, "y_312": 0.0, "y_313": 0.0, "y_314": 75.228909, "y_315": 75.228909, "y_316": 0.0, "y_317": 0.0, "y_318": 39.177365, "y_319": 0.0, "y_32": 0.0, "y_320": 0.0, "y_321": 0.0, "y_322": 0.0, "y_323": 226.30264, "y_324": -145.03304, "y_325": 0.0, "y_326": -237.56361, "y_327": 0.0, "y_328": 0.0, "y_329": 0.0, "y_33": 0.0, "y_330": 0.0, "y_331": 15.285762, "y_332": -57.121667, "y_333": 72.40743, "y_334": 0.0, "y_335": 0.0, "y_336": 0.0, "y_337": 0.0, "y_338": 0.0, "y_339": 88.447083, "y_34": 0.0, "y_340": 0.0, "y_341": 0.0, "y_342": 0.0, "y_343": 0.0, "y_344": 0.0, "y_345": 0.0, "y_346": 8.761067, "y_347": 0.0, "y_348": 0.0, "y_349": 45.434672, "y_35": 0.0, "y_350": 0.0, "y_351": 0.0, "y_352": 0.0, "y_353": 0.0, "y_354": 0.0, "y_355": 0.0, "y_356": 103.63455, "y_357": 0.0, "y_358": 0.0, "y_359": -255.95935, "y_36": 0.0, "y_37": 0.0, "y_38": 0.0, "y_39": 17.222229, "y_4": 0.0, "y_40": 0.0, "y_41": 5.126872, "y_42": 5.126872, "y_43": 212.96626, "y_44": 0.0, "y_45": 0.0, "y_46": 8.067925, "y_47": 0.0, "y_48": 0.0, "y_49": 0.0, "y_5": 5.402356, "y_50": 0.0, "y_51": 158.2171, "y_52": 0.0, "y_53": 0.0, "y_54": 0.0, "y_55": 0.0, "y_56": 22.19813, "y_57": 0.0, "y_58": 0.0, "y_59": 137.29633, "y_6": 0.0, "y_60": 0.0, "y_61": 3.181432, "y_62": 0.0, "y_63": 6.362864, "y_64": 0.0, "y_65": 0.0, "y_66": 0.0, "y_67": 0.0, "y_68": 0.0, "y_69": 403.46923, "y_7": 0.0, "y_70": 0.0, "y_71": 21.987784, "y_72": 0.0, "y_73": 0.0, "y_74": 537.01808, "y_75": 537.01808, "y_76": 298.95795, "y_77": 0.0, "y_78": 984.92912, "y_79": 0.0, "y_8": 0.152623, "y_80": 0.0, "y_81": 0.0, "y_82": 0.0, "y_83": 0.0, "y_84": 0.0, "y_85": 0.0, "y_86": 443.57234, "y_87": 0.0, "y_88": 0.0, "y_89": -105.49717, "y_9": 0.152623, "y_90": 0.0, "y_91": 9.3593094, "y_92": 0.0, "y_93": 18.718619, "y_94": 0.0, "y_95": 0.0, "y_96": 0.0, "y_97": 0.0, "y_98": 0.0, "y_99": -147.9205}