{"utilization": 0.117479, "y_0": -8.520438, "y_1": 0.0, "y_10": 7.619054, "y_100": 0.0, "y_101": 14.106184, "y_102": -9.481243, "y_103": 0.0, "y_104": 12.872019, "y_105": 0.0, "y_106": 0.0, "y_107": 0.0, "y_108": 11.643437, "y_109": 0.0, "y_11": 2.380691, "y_110": 0.0, "y_111": 0.0, "y_112": 0.0, "y_113": 0.0, "y_114": 0.0, "y_115": 0.0, "y_116": 0.0, "y_117": -141.97673, "y_118": 0.0, "y_119": 0.0, "y_12": 2.380691, "y_120": 0.0, "y_121": -0.615944, "y_122": 0.0, "y_123": -0.615944, "y_124": 0.615944, "y_125": 0.0, "y_126": 0.0, "y_127": 0.0, "y_128": 0.0, "y_129": -96.613066, "y_13": 0.0, "y_130": -141.83574, "y_131": 0.0, "y_132": 0.0, "y_133": 137.81271, "y_134": 0.0, "y_135": -122.25211, "y_136": -117.10933, "y_137": 0.0, "y_138": 0.0, "y_139": 0.0, "y_14": 0.171411, "y_140": -0.379288, "y_141": 0.0, "y_142": 0.0, "y_143": 0.0, "y_144": 0.0, "y_145": 0.0, "y_146": 0.0, "y_147": 0.0, "y_148": 0.0, "y_149": 0.0, "y_15": 0.0, "y_150": 213.68901, "y_151": 0.0, "y_152": 0.0, "y_153": 0.0, "y_154": 0.0, "y_155": 0.0, "y_156": 0.0, "y_157": -141.58844, "y_158": 127.50391, "y_159": -14.084531, "y_16": 0.0, "y_160": 0.0, "y_161": 0.0, "y_162": 0.0, "y_163": -232.72545, "y_164": 0.0, "y_165": 0.0, "y_166": -60.133155, "y_167": -60.133155, "y_168": 0.0, "y_169": 0.0, "y_17": 0.0, "y_170": 0.0, "y_171": 0.0, "y_172": 0.0, "y_173": 0.0, "y_174": -36.543923, "y_175": 0.0, "y_176": 0.0, "y_177": 0.0, "y_178": 0.0, "y_179": -40.382011, "y_18": 0.0, "y_180": 0.0, "y_181": -101.34735, "y_182": 105.94403, "y_183": 0.0, "y_184": 0.0, "y_185": 0.0, "y_186": 0.0, "y_187": 0.0, "y_188": -12.352176, "y_189": -12.352176, "y_19": 0.0, "y_190": 0.0, "y_191": 0.0, "y_192": 0.0, "y_193": 0.0, "y_194": 6.0005945, "y_195": 6.0005945, "y_196": 0.0, "y_197": -111.48571, "y_198": 0.0, "y_199": 0.0, "y_2": 0.0, "y_20": 0.0, "y_200": 0.0, "y_201": 0.0, "y_202": 0.0, "y_203": 0.0, "y_204": -10.910725, "y_205": 0.0, "y_206": -40.994072, "y_207": 0.0, "y_208": 0.0, "y_209": 0.0, "y_21": 0.0, "y_210": 1.538333, "y_211": 0.0, "y_212": 0.0, "y_213": 0.0, "y_214": 0.0, "y_215": 0.0, "y_216": 0.0, "y_217": 0.0, "y_218": 0.0, "y_219": 0.0, "y_22": 0.0, "y_220": -15.34179, "y_221": 0.0, "y_222": 0.0, "y_223": 0.0, "y_224": 0.0, "y_225": 0.0, "y_226": 0.0, "y_227": -36.8845, "y_228": 0.0, "y_229": 0.0, "y_23": 0.0, "y_230": 0.0, "y_231": -25.718435, "y_232": 0.0, "y_233": 0.0, "y_234": 347.83274, "y_235": -57.937357, "y_236": -31.308224, "y_237": 0.0, "y_238": 0.0, "y_239": 0.0, "y_24": 0.0, "y_240": 0.0, "y_241": 4.5390357, "y_242": 0.0, "y_243": 9.0780713, "y_244": 0.0, "y_245": 0.0, "y_246": 0.0, "y_247": 0.0, "y_248": 0.0, "y_249": 17.965507, "y_25": 0.0, "y_250": 0.0, "y_251": 0.0, "y_252": 0.0, "y_253": 0.0, "y_254": 25.37939, "y_255": 25.37939, "y_256": 16.724751, "y_257": 0.0, "y_258": 16.724751, "y_259": 0.0, "y_26": 0.0, "y_260": 0.0, "y_261": 0.0, "y_262": 0.0, "y_263": 0.0, "y_264": 42.073758, "y_265": 0.0, "y_266": 0.0, "y_267": 40.138043, "y_268": 0.0, "y_269": 301.23879, "y_27": 0.0, "y_270": 0.5945975, "y_271": 0.5944975, "y_272": 0.0, "y_273": 0.0, "y_274": 0.0, "y_275": 0.0, "y_276": 0.0, "y_277": 0.0, "y_278": 0.0, "y_279": 0.0, "y_28": 0.0, "y_280": 0.0, "y_281": 0.440645, "y_282": 0.0, "y_283": 0.0, "y_284": 3.5001047, "y_285": 3.5001047, "y_286": 0.0, "y_287": 0.0, "y_288": 3.0805563, "y_289": 0.0, "y_29": 0.0, "y_290": 0.0, "y_291": -9.3405287, "y_292": 0.0, "y_293": 0.0, "y_294": 0.0, "y_295": 0.0, "y_296": -46.842952, "y_297": 53.501208, "y_298": 0.0, "y_299": 0.0, "y_3": 0.0, "y_30": 0.0, "y_300": 0.0, "y_301": 120.02365, "y_302": 0.0, "y_303": 0.0, "y_304": 240.0473, "y_305": 690.62435, "y_306": 0.0, "y_307": 6.20352, "y_308": 0.0, "y_309": 0.0, "y_31": 0.0, "y_310": 2.9814713e-14, "y_311": 0.0, "y_312": 0.0, "y_313": 355.56771, "y_314": 355.56771, "y_315": 0.0, "y_316": 4.681256, "y_317": 0.0, "y_318": 4.681256, "y_319": -128.88657, "y_32": 0.0, "y_320": 0.0, "y_321": 327.3896, "y_322": -284.85115, "y_323": 0.0, "y_324": -154.36769, "y_325": 0.0, "y_326": 0.0, "y_327": -234.177, "y_328": 0.0, "y_329": 0.0, "y_33": 0.0, "y_330": 0.0, "y_331": -0.995093, "y_332": -0.995093, "y_333": 0.0, "y_334": 0.0, "y_335": 0.0, "y_336": 0.0, "y_337": 0.0, "y_338": 0.0, "y_339": -10.158024, "y_34": 0.0, "y_340": -31.473973, "y_341": 3.960379, "y_342": 3.960379, "y_343": 0.0, "y_344": 189.23649, "y_345": 0.0, "y_346": 0.0, "y_347": 0.0, "y_348": 158.8746, "y_349": 0.0, "y_35": 205.42069, "y_350": 0.0, "y_351": -200.46511, "y_352": 0.0, "y_353": -75.262152, "y_354": 0.0, "y_355": 0.0, "y_356": 0.0, "y_357": 0.0, "y_358": 0.0, "y_359": -259.65435, "y_36": 0.0, "y_37": 0.0, "y_38": 0.0, "y_39": 0.0, "y_4": 0.0, "y_40": 0.0, "y_41": 2.848781, "y_42": 2.848781, "y_43": 220.90614, "y_44": 0.0, "y_45": 0.0, "y_46": 0.0, "y_47": 0.0, "y_48": 0.0, "y_49": 0.0, "y_5": 0.0, "y_50": 0.0, "y_51": 0.0, "y_52": 0.0, "y_53": 0.323368, "y_54": 0.0, "y_55": 0.0, "y_56": -7.341824, "y_57": 0.0, "y_58": 0.0, "y_59": -31.749987, "y_6": 0.0, "y_60": 896.19077, "y_61": 0.0, "y_62": 0.0, "y_63": 0.0, "y_64": 0.0, "y_65": 0.0, "y_66": 0.0, "y_67": -55.845408, "y_68": 0.0, "y_69": -55.845408, "y_7": 0.0, "y_70": 0.0, "y_71": 0.0, "y_72": 0.0, "y_73": -913.33394, "y_74": 572.66397, "y_75": -340.66997, "y_76": -181.82337, "y_77": 0.0, "y_78": -759.19612, "y_79": 0.0, "y_8": 0.0, "y_80": 0.0, "y_81": 0.0, "y_82": 0.0, "y_83": 0.0, "y_84": -82.566352, "y_85": 0.0, "y_86": 0.0, "y_87": 0.0, "y_88": 0.0, "y_89": 97.926208, "y_9": 0.0338135, "y_90": 0.0, "y_91": 2.094768, "y_92": 0.0, "y_93": 0.0, "y_94": -53.9046, "y_95": 0.0, "y_96": 27.11184, "y_97": 0.0, "y_98": 0.0, "y_99": -147.27172}