{"utilization": 0.27022738, "y_0": 0.0, "y_1": 5.232588, "y_10": 0.0, "y_100": 0.0, "y_101": -8.683616, "y_102": 0.0, "y_103": 0.0, "y_104": 6.9998665, "y_105": 0.0, "y_106": 0.0, "y_107": 0.0, "y_108": 0.0, "y_109": 0.0, "y_11": 0.0, "y_110": 0.0, "y_111": 0.0, "y_112": 0.0, "y_113": 0.0, "y_114": 0.0, "y_115": 0.0, "y_116": 0.0, "y_117": -19.35676, "y_118": 0.0, "y_119": 0.0, "y_12": 0.0, "y_120": 0.0, "y_121": -1.143717, "y_122": 0.0, "y_123": -1.143717, "y_124": -1.143717, "y_125": -4.48799, "y_126": 0.0, "y_127": 50.9066, "y_128": 0.0, "y_129": -16.090227, "y_13": 0.0, "y_130": -8.995274, "y_131": -106.70966, "y_132": 0.0, "y_133": 0.0, "y_134": 0.0, "y_135": 0.0, "y_136": -52.244654, "y_137": 0.0, "y_138": 0.0, "y_139": 0.0, "y_14": 0.0, "y_140": 9.710627, "y_141": 0.0, "y_142": 35.472069, "y_143": 0.0, "y_144": 0.0, "y_145": 0.0, "y_146": 0.0, "y_147": -10.227654, "y_148": 0.0, "y_149": 0.0, "y_15": 0.0, "y_150": 0.0, "y_151": 6.3339777, "y_152": 0.0, "y_153": 0.0, "y_154": 0.0, "y_155": 0.0, "y_156": 0.0, "y_157": 0.0, "y_158": 0.0, "y_159": -16.727728, "y_16": 0.0, "y_160": 0.0, "y_161": -147.04917, "y_162": 0.0, "y_163": 0.0, "y_164": -225.27595, "y_165": 0.0, "y_166": -63.766235, "y_167": 0.0, "y_168": 0.0, "y_169": 0.0, "y_17": 0.0, "y_170": 0.0, "y_171": 213.86024, "y_172": 0.0, "y_173": 2.302635, "y_174": 0.0, "y_175": 0.0, "y_176": 0.0, "y_177": 0.0, "y_178": 0.0, "y_179": 173.64402, "y_18": 0.0, "y_180": 0.0, "y_181": 1.9031797, "y_182": 3.8063593, "y_183": 0.0, "y_184": 0.0, "y_185": 0.0, "y_186": 0.0, "y_187": 0.0, "y_188": 0.0, "y_189": 9.9267935, "y_19": 2.325806, "y_190": 0.0, "y_191": 0.0, "y_192": 0.0, "y_193": 0.0, "y_194": -55.630817, "y_195": 0.0, "y_196": 0.0, "y_197": 0.0, "y_198": -121.05173, "y_199": 0.0, "y_2": -2.616294, "y_20": 0.0, "y_200": 0.0, "y_201": 0.0, "y_202": 0.0, "y_203": 0.0, "y_204": -8.92048, "y_205": 0.0, "y_206": 0.0, "y_207": 0.0, "y_208": 0.0, "y_209": 25.581296, "y_21": 0.0, "y_210": 0.857931, "y_211": 0.0, "y_212": 374.72726, "y_213": 0.0, "y_214": 101.12268, "y_215": 0.0, "y_216": 0.0, "y_217": 0.0, "y_218": -109.35676, "y_219": 0.0, "y_22": 0.0, "y_220": 0.0, "y_221": 0.0, "y_222": 0.0, "y_223": 88.638653, "y_224": 0.0, "y_225": 0.0, "y_226": 0.0, "y_227": 0.0, "y_228": 0.0, "y_229": -474.75567, "y_23": 0.0, "y_230": 0.0, "y_231": 0.0, "y_232": 0.0, "y_233": -116.19242, "y_234": 0.0, "y_235": -35.328579, "y_236": 0.0, "y_237": 0.0, "y_238": 0.0, "y_239": 173.62073, "y_24": 1.643041, "y_240": 0.0, "y_241": 4.7685813, "y_242": 0.0, "y_243": -291.39676, "y_244": 0.0, "y_245": 3.097096, "y_246": 0.0, "y_247": -21.030203, "y_248": 0.0, "y_249": -21.030203, "y_25": -0.6907225, "y_250": 0.0, "y_251": 18.498632, "y_252": 0.0, "y_253": 0.0, "y_254": 0.0, "y_255": -128.94244, "y_256": -60.247238, "y_257": 0.0, "y_258": 0.0, "y_259": 0.0, "y_26": 0.0, "y_260": 0.0, "y_261": 0.0, "y_262": 0.0, "y_263": 0.0, "y_264": 0.0, "y_265": 0.0, "y_266": 0.0, "y_267": 0.0, "y_268": 0.0, "y_269": 330.14077, "y_27": 0.0, "y_270": 0.0, "y_271": 0.0, "y_272": 0.0, "y_273": 0.0, "y_274": 0.0, "y_275": 0.0, "y_276": 0.0, "y_277": 0.0, "y_278": 0.0, "y_279": 0.0, "y_28": -3.858609, "y_280": -0.96578, "y_281": 0.0, "y_282": -74.767147, "y_283": 0.0, "y_284": -17.074674, "y_285": -80.818318, "y_286": 37.958115, "y_287": -77.220434, "y_288": -39.262319, "y_289": 0.0, "y_29": 1.588352, "y_290": 0.0, "y_291": 12.915005, "y_292": 0.0, "y_293": 0.0, "y_294": 0.0, "y_295": 0.0, "y_296": -48.309326, "y_297": 57.669395, "y_298": 0.0, "y_299": 1.626117, "y_3": -2.616294, "y_30": 0.0, "y_300": 0.0, "y_301": 3.3828517, "y_302": 0.0, "y_303": 0.0, "y_304": 0.0, "y_305": 442.91144, "y_306": 0.0, "y_307": -233.25793, "y_308": 0.0, "y_309": 0.0, "y_31": 0.0, "y_310": 3.801184, "y_311": 0.0, "y_312": 0.0, "y_313": 0.0, "y_314": 229.15142, "y_315": 229.15142, "y_316": 0.0, "y_317": 0.0, "y_318": 0.0, "y_319": 0.0, "y_32": 0.0, "y_320": 0.0, "y_321": 204.75121, "y_322": 0.0, "y_323": 0.0, "y_324": 0.0, "y_325": 0.0, "y_326": -244.0586, "y_327": 0.0, "y_328": 0.0, "y_329": 44.287248, "y_33": 0.0, "y_330": -218.36868, "y_331": -218.74436, "y_332": -218.74436, "y_333": 0.0, "y_334": 0.0, "y_335": 0.0, "y_336": 0.0, "y_337": 0.0, "y_338": 0.0, "y_339": 30.436946, "y_34": 0.0, "y_340": 0.0, "y_341": 0.0, "y_342": 0.0, "y_343": 0.0, "y_344": -64.637466, "y_345": 0.0, "y_346": 0.0, "y_347": 0.0, "y_348": -85.619255, "y_349": 214.07426, "y_35": 0.0, "y_350": 0.0, "y_351": 57.092917, "y_352": 0.0, "y_353": 0.0, "y_354": 167.48044, "y_355": 0.0, "y_356": 0.0, "y_357": 0.0, "y_358": -255.15526, "y_359": 0.0, "y_36": 0.0, "y_37": 0.0, "y_38": 0.0, "y_39": -180.12266, "y_4": -2.616294, "y_40": 0.0, "y_41": -15.605061, "y_42": -15.605061, "y_43": 208.14726, "y_44": 0.0, "y_45": 0.0, "y_46": -187.36006, "y_47": -19.389136, "y_48": 195.35739, "y_49": 0.0, "y_5": 0.0, "y_50": -0.912024, "y_51": -11.920883, "y_52": 0.0, "y_53": 0.0, "y_54": 0.0, "y_55": 0.0, "y_56": 0.0, "y_57": 0.0, "y_58": 0.0, "y_59": 0.0, "y_6": 0.0, "y_60": 1.876339, "y_61": 0.0, "y_62": 0.0, "y_63": 0.0, "y_64": 0.0, "y_65": 0.0, "y_66": 0.0, "y_67": -80.232601, "y_68": 0.0, "y_69": -80.232601, "y_7": -0.73494, "y_70": 0.0, "y_71": 0.0, "y_72": 0.0, "y_73": 373.37799, "y_74": 0.0, "y_75": 46.238164, "y_76": 0.0, "y_77": 0.0, "y_78": 0.0, "y_79": 0.0, "y_8": 0.8582945, "y_80": 0.0, "y_81": 625.77879, "y_82": 0.0, "y_83": 0.0, "y_84": 0.0, "y_85": 0.0, "y_86": -231.72506, "y_87": 0.0, "y_88": -397.37811, "y_89": 520.20849, "y_9": 0.1233545, "y_90": 0.0, "y_91": 2.1057253, "y_92": -22.292256, "y_93": 0.0, "y_94": 0.0, "y_95": 0.0, "y_96": -32.064229, "y_97": 0.0, "y_98": 0.0, "y_99": -165.62114}