{"utilization": 0.13984604, "y_0": 0.0, "y_1": 9.322949, "y_10": 0.0, "y_100": 0.0, "y_101": 5.133741, "y_102": 0.0, "y_103": 110.44431, "y_104": 110.44431, "y_105": 0.0, "y_106": 0.0, "y_107": 0.0, "y_108": 10.222917, "y_109": 0.0, "y_11": 0.0, "y_110": 0.0, "y_111": 0.0, "y_112": 0.0, "y_113": 0.0, "y_114": 0.0, "y_115": 0.0, "y_116": 0.0, "y_117": 0.0, "y_118": -117.18127, "y_119": -32.752899, "y_12": 0.0, "y_120": 0.0, "y_121": 0.0, "y_122": 0.0, "y_123": 0.0, "y_124": 0.0, "y_125": 0.0, "y_126": 0.0, "y_127": 0.0, "y_128": 0.0, "y_129": 35.611491, "y_13": 0.944518, "y_130": -98.614598, "y_131": 0.0, "y_132": 0.0, "y_133": 95.480454, "y_134": 0.0, "y_135": -6.913056, "y_136": 0.0, "y_137": 0.0, "y_138": 0.0, "y_139": 0.0, "y_14": 0.0, "y_140": 0.0, "y_141": 0.0, "y_142": 0.0, "y_143": 0.0, "y_144": -11.557371, "y_145": 12.354886, "y_146": 52.709873, "y_147": 0.0, "y_148": 0.0, "y_149": 12.806629, "y_15": 0.0, "y_150": 0.333821, "y_151": 1.1105887e-12, "y_152": 0.0, "y_153": 0.0, "y_154": 0.0, "y_155": 0.0, "y_156": 0.0, "y_157": 0.0, "y_158": 59.199408, "y_159": 59.199408, "y_16": 0.0, "y_160": 0.0, "y_161": 0.0, "y_162": 0.0, "y_163": -198.37805, "y_164": 0.0, "y_165": 0.0, "y_166": 8.0948585, "y_167": 0.0, "y_168": 0.0, "y_169": 0.0, "y_17": 0.0, "y_170": 0.0, "y_171": 0.0, "y_172": 0.0, "y_173": 85.795995, "y_174": -24.407336, "y_175": 0.0, "y_176": 0.0, "y_177": 0.0, "y_178": 185.84332, "y_179": -37.020248, "y_18": 0.0, "y_180": 2.336379, "y_181": 2.196176, "y_182": 0.0, "y_183": 4.392352, "y_184": 0.0, "y_185": 0.0, "y_186": 0.0, "y_187": 0.0, "y_188": 0.0, "y_189": 9.235584, "y_19": 8.00693, "y_190": 0.0, "y_191": 0.0, "y_192": 0.0, "y_193": 0.0, "y_194": 8.1640145, "y_195": 0.0, "y_196": 0.0, "y_197": -126.89953, "y_198": 0.0, "y_199": 0.0, "y_2": -9.322949, "y_20": 0.0, "y_200": 0.0, "y_201": 0.0, "y_202": 0.0, "y_203": 0.0, "y_204": -7.359832, "y_205": 0.0, "y_206": 0.0, "y_207": 0.0, "y_208": 0.0, "y_209": -20.602408, "y_21": 0.0, "y_210": 229.83852, "y_211": 228.72733, "y_212": 0.0, "y_213": 0.0, "y_214": 0.0, "y_215": -25.576424, "y_216": 0.0, "y_217": 0.0, "y_218": 0.0, "y_219": -218.24747, "y_22": 0.0, "y_220": -243.0373, "y_221": -243.0373, "y_222": 0.0, "y_223": 0.0, "y_224": 0.0, "y_225": 0.0, "y_226": -234.41722, "y_227": 0.0, "y_228": 0.0, "y_229": -496.04845, "y_23": 0.0, "y_230": 329.5949, "y_231": 0.0, "y_232": 0.0, "y_233": 0.0, "y_234": 184.4396, "y_235": 184.4396, "y_236": 0.0, "y_237": 0.0, "y_238": 0.0, "y_239": 0.0, "y_24": 1.106135, "y_240": 2.27504, "y_241": 0.0, "y_242": 0.0, "y_243": 0.0, "y_244": 0.0, "y_245": 0.0, "y_246": 0.0, "y_247": 0.0, "y_248": 0.0, "y_249": 19.673569, "y_25": 0.0, "y_250": 0.0, "y_251": 6.487077, "y_252": 0.0, "y_253": 140.06434, "y_254": 0.0, "y_255": 15.833818, "y_256": 16.804818, "y_257": 0.0, "y_258": 0.0, "y_259": 0.0, "y_26": 0.0, "y_260": 0.0, "y_261": 0.0, "y_262": 0.0, "y_263": 0.0, "y_264": 0.0, "y_265": 0.0, "y_266": 0.0, "y_267": 0.0, "y_268": -150.39168, "y_269": 291.36462, "y_27": 0.6083095, "y_270": 3.4039975, "y_271": 3.3054585, "y_272": 0.0, "y_273": 6.610917, "y_274": 0.0, "y_275": 0.0, "y_276": 0.0, "y_277": 0.0, "y_278": 0.0, "y_279": 0.0, "y_28": -11.433566, "y_280": 0.0, "y_281": 0.0, "y_282": 0.0, "y_283": 5.240879, "y_284": 5.240879, "y_285": 0.0, "y_286": 0.0, "y_287": 1.350892, "y_288": 1.350892, "y_289": 10.058984, "y_29": 0.0, "y_290": 0.0, "y_291": -7.730402, "y_292": 0.0, "y_293": 0.0, "y_294": 0.0, "y_295": 0.0, "y_296": 0.0, "y_297": 57.894612, "y_298": 0.0, "y_299": 0.0, "y_3": 0.0, "y_30": 0.0, "y_300": 0.0, "y_301": -0.091571, "y_302": -41.474535, "y_303": 90.021389, "y_304": -48.729995, "y_305": 130.33703, "y_306": 0.0, "y_307": 0.0, "y_308": 0.0, "y_309": 0.0, "y_31": 0.0, "y_310": 0.0, "y_311": 0.0, "y_312": 0.0, "y_313": 0.0, "y_314": 119.95178, "y_315": 0.0, "y_316": 0.0, "y_317": 1.7041945, "y_318": 1.7041945, "y_319": 36.475493, "y_32": 0.07952, "y_320": 0.0, "y_321": 0.0, "y_322": 0.0, "y_323": 237.50458, "y_324": 0.0, "y_325": 0.0, "y_326": -244.96963, "y_327": 0.0, "y_328": -6.724678, "y_329": 0.0, "y_33": 0.0, "y_330": 0.0, "y_331": 170.38237, "y_332": 170.38237, "y_333": 0.0, "y_334": 0.0, "y_335": 0.0, "y_336": 0.0, "y_337": 295.40353, "y_338": 0.0, "y_339": 295.40353, "y_34": 0.0, "y_340": 306.31204, "y_341": -306.31204, "y_342": -306.31204, "y_343": 0.0, "y_344": 0.0, "y_345": 0.0, "y_346": 0.0, "y_347": 0.0, "y_348": 0.0, "y_349": -482.65321, "y_35": 0.0, "y_350": 0.0, "y_351": -203.88013, "y_352": 0.0, "y_353": 0.0, "y_354": -230.1738, "y_355": 0.0, "y_356": 536.40779, "y_357": -230.64758, "y_358": 0.0, "y_359": -258.41752, "y_36": 0.0, "y_37": -5.3888, "y_38": 0.0, "y_39": -5.3888, "y_4": -9.322949, "y_40": 0.0, "y_41": 2.823776, "y_42": 2.823776, "y_43": 165.01046, "y_44": 0.0, "y_45": 0.0, "y_46": 0.0, "y_47": 0.0, "y_48": 0.0, "y_49": 0.0, "y_5": 0.291571, "y_50": 0.0, "y_51": -11.088189, "y_52": 0.0, "y_53": -15.669821, "y_54": 15.992816, "y_55": 0.0, "y_56": 0.0, "y_57": 0.0, "y_58": 0.0, "y_59": 86.195827, "y_6": 0.0, "y_60": 10.91937, "y_61": 10.041602, "y_62": -28.517296, "y_63": 48.600501, "y_64": 0.0, "y_65": 0.0, "y_66": 0.0, "y_67": 0.0, "y_68": 0.0, "y_69": 229.58876, "y_7": 0.0, "y_70": 0.0, "y_71": 0.0, "y_72": 0.0, "y_73": 0.0, "y_74": 540.70304, "y_75": 540.70304, "y_76": 286.40268, "y_77": 0.0, "y_78": 955.90575, "y_79": 0.0, "y_8": 0.4977255, "y_80": 0.0, "y_81": 0.0, "y_82": 0.0, "y_83": 104.17365, "y_84": -98.8614, "y_85": 0.0, "y_86": 0.0, "y_87": 0.0, "y_88": 0.0, "y_89": -94.058637, "y_9": 0.4977255, "y_90": 0.0, "y_91": -0.053333, "y_92": 0.0, "y_93": 197.19302, "y_94": -197.29968, "y_95": 0.0, "y_96": 0.0, "y_97": 0.0, "y_98": 0.0, "y_99": -149.55634}