{"utilization": 0.20588606, "y_0": -4.935709, "y_1": 0.0, "y_10": 0.0, "y_100": 0.0, "y_101": 0.0, "y_102": 0.0, "y_103": 84.258887, "y_104": 84.258887, "y_105": 0.0, "y_106": 0.0, "y_107": 4.7078255, "y_108": 4.7078255, "y_109": 0.0, "y_11": 0.0, "y_110": 0.0, "y_111": 0.0, "y_112": 0.0, "y_113": 0.0, "y_114": 0.0, "y_115": 0.0, "y_116": 0.0, "y_117": 0.0, "y_118": 0.0, "y_119": 42.936227, "y_12": 0.0, "y_120": 0.0, "y_121": 0.0, "y_122": 0.0, "y_123": 0.0, "y_124": 0.0, "y_125": 61.670673, "y_126": 0.0, "y_127": 0.0, "y_128": 0.0, "y_129": 2.8737858e-15, "y_13": 0.0, "y_130": -72.824628, "y_131": 0.0, "y_132": 0.0, "y_133": 68.769884, "y_134": 0.0, "y_135": 0.0, "y_136": 0.0, "y_137": 0.0, "y_138": 0.0, "y_139": 0.0, "y_14": 0.0, "y_140": 0.0, "y_141": 0.0, "y_142": 0.0, "y_143": 0.0, "y_144": -6.836992, "y_145": 0.0, "y_146": -20.89248, "y_147": 0.0, "y_148": 0.0, "y_149": -16.979955, "y_15": 0.0, "y_150": 6.8969595, "y_151": 6.2547705, "y_152": 0.0, "y_153": 0.0, "y_154": 0.0, "y_155": 0.0, "y_156": 0.0, "y_157": 0.0, "y_158": -5.2705464e-15, "y_159": 0.0, "y_16": 0.0, "y_160": 0.0, "y_161": 0.0, "y_162": 0.0, "y_163": 0.0, "y_164": 0.0, "y_165": -153.68537, "y_166": -69.635566, "y_167": 0.0, "y_168": 0.0, "y_169": -7.571413, "y_17": 4.566513, "y_170": 0.0, "y_171": -14.302152, "y_172": 0.0, "y_173": 0.0, "y_174": -35.790645, "y_175": 36.751288, "y_176": 44.183275, "y_177": 0.0, "y_178": 0.0, "y_179": 31.498704, "y_18": 4.70587, "y_180": 0.0, "y_181": -0.322149, "y_182": -0.644298, "y_183": 0.0, "y_184": 0.0, "y_185": 0.0, "y_186": 0.0, "y_187": 0.0, "y_188": 0.0, "y_189": 22.36324, "y_19": 0.0, "y_190": -107.61358, "y_191": 0.0, "y_192": 0.0, "y_193": 103.59772, "y_194": 4.258888, "y_195": 0.0, "y_196": 0.0, "y_197": -108.72886, "y_198": 0.0, "y_199": 0.0, "y_2": -4.935609, "y_20": 0.0, "y_200": -28.138491, "y_201": 0.0, "y_202": 0.0, "y_203": 0.0, "y_204": 0.0, "y_205": 0.0, "y_206": 0.0, "y_207": 27.446632, "y_208": 0.0, "y_209": -18.955355, "y_21": 0.0, "y_210": -246.22739, "y_211": -321.10407, "y_212": 321.10407, "y_213": 0.0, "y_214": 0.0, "y_215": 33.770467, "y_216": 0.0, "y_217": 0.0, "y_218": 0.0, "y_219": 0.0, "y_22": 0.0, "y_220": 0.0, "y_221": 0.0, "y_222": 0.0, "y_223": 97.421757, "y_224": 0.0, "y_225": 0.0, "y_226": 0.0, "y_227": 0.0, "y_228": 9.490197, "y_229": -417.28837, "y_23": 0.0, "y_230": 0.0, "y_231": 0.0, "y_232": 0.0, "y_233": 0.0, "y_234": 0.0, "y_235": 18.35917, "y_236": 0.0, "y_237": 0.0, "y_238": 137.91787, "y_239": -70.050517, "y_24": -1.405893, "y_240": 0.0, "y_241": 2.179985, "y_242": 0.0, "y_243": 4.35997, "y_244": 0.0, "y_245": 0.0, "y_246": 0.0, "y_247": 0.0, "y_248": 0.0, "y_249": 59.1195, "y_25": 0.0, "y_250": 0.0, "y_251": 0.0, "y_252": 0.0, "y_253": 0.0, "y_254": 0.0, "y_255": 25.702691, "y_256": 18.606665, "y_257": 0.0, "y_258": 0.0, "y_259": 0.0, "y_26": 0.0, "y_260": 0.0, "y_261": 0.0, "y_262": 0.0, "y_263": 2.133645, "y_264": 0.0, "y_265": 0.0, "y_266": 76.973775, "y_267": 0.0, "y_268": 0.0, "y_269": 273.39423, "y_27": 0.0, "y_270": 0.0, "y_271": 0.71174033, "y_272": 0.0, "y_273": 2.5611237, "y_274": -1.137643, "y_275": 0.0, "y_276": 0.0, "y_277": 24.17528, "y_278": 0.0, "y_279": -9.306051, "y_28": 0.0, "y_280": 0.0, "y_281": 0.0, "y_282": 0.0, "y_283": 0.0, "y_284": 24.090855, "y_285": 24.090855, "y_286": 0.0, "y_287": 0.0, "y_288": 25.394534, "y_289": 0.0, "y_29": 0.0, "y_290": 0.0, "y_291": 0.0, "y_292": 0.0, "y_293": 0.0, "y_294": -69.112756, "y_295": 0.0, "y_296": 0.0, "y_297": 0.0, "y_298": 0.0, "y_299": 0.0, "y_3": -4.935609, "y_30": 0.0, "y_300": 0.0, "y_301": 7.427245, "y_302": 0.0, "y_303": 14.85449, "y_304": 0.0, "y_305": 0.0, "y_306": 0.0, "y_307": 6.564516, "y_308": 0.0, "y_309": 0.0, "y_31": -0.026667, "y_310": 0.0, "y_311": 0.0, "y_312": 0.0, "y_313": 16.862156, "y_314": 16.862156, "y_315": 0.0, "y_316": 0.0, "y_317": 0.0, "y_318": 4.792694, "y_319": 0.0, "y_32": -15.01929, "y_320": 0.0, "y_321": 0.0, "y_322": 0.0, "y_323": 0.0, "y_324": 0.0, "y_325": 0.0, "y_326": 0.0, "y_327": -202.72119, "y_328": 0.0, "y_329": 0.0, "y_33": 0.0, "y_330": 0.0, "y_331": 0.0, "y_332": -184.53904, "y_333": 0.0, "y_334": 0.0, "y_335": 0.0, "y_336": -33.481019, "y_337": -7.950296, "y_338": 0.0, "y_339": -7.950296, "y_34": 0.0, "y_340": 0.0, "y_341": 0.0, "y_342": 0.0, "y_343": 0.0, "y_344": 12.712067, "y_345": 0.0, "y_346": 0.0, "y_347": 0.0, "y_348": 0.0, "y_349": 182.29621, "y_35": 132.34332, "y_350": 0.0, "y_351": 0.0, "y_352": 0.0, "y_353": -80.161928, "y_354": 133.76084, "y_355": 0.0, "y_356": 0.0, "y_357": 0.0, "y_358": -242.03066, "y_359": 0.0, "y_36": 0.0, "y_37": 2.0758983, "y_38": 0.0, "y_39": 2.0759043, "y_4": -4.935609, "y_40": 0.0, "y_41": -12.675884, "y_42": -12.675894, "y_43": 139.68701, "y_44": 0.0, "y_45": 0.0, "y_46": 0.0, "y_47": 0.0, "y_48": 0.0, "y_49": 0.0, "y_5": 0.0, "y_50": 0.0, "y_51": 0.0, "y_52": 0.0, "y_53": 1208017100000.0, "y_54": 7.0109825, "y_55": -6.8718287, "y_56": 0.0, "y_57": 0.0, "y_58": 0.0, "y_59": 0.0, "y_6": 0.0, "y_60": 84.424818, "y_61": 82.967015, "y_62": 165.93403, "y_63": 0.0, "y_64": 0.0, "y_65": 0.0, "y_66": 0.0, "y_67": 334.45625, "y_68": -29.964723, "y_69": 304.49153, "y_7": 0.0, "y_70": 0.0, "y_71": 0.0, "y_72": 0.0, "y_73": 0.0, "y_74": 679.66469, "y_75": 679.66469, "y_76": 526.75029, "y_77": -189.86777, "y_78": 1242.6352, "y_79": 0.0, "y_8": 0.431664, "y_80": 0.0, "y_81": 0.0, "y_82": 0.0, "y_83": 0.0, "y_84": 0.0, "y_85": 0.0, "y_86": 0.0, "y_87": 0.0, "y_88": 151.67527, "y_89": -81.115928, "y_9": 0.431664, "y_90": 0.0, "y_91": 29.858911, "y_92": 0.0, "y_93": 59.717823, "y_94": 0.0, "y_95": 95.518882, "y_96": 0.0, "y_97": 0.0, "y_98": -156.41235, "y_99": 0.0}