{"utilization": 0.18787846, "y_0": -2.8574607, "y_1": 4.2811133, "y_10": 0.0, "y_100": 0.0, "y_101": 149.84618, "y_102": -135.21508, "y_103": -5.335644, "y_104": 94.896474, "y_105": 0.0, "y_106": 0.0, "y_107": 0.0, "y_108": 0.0, "y_109": 0.0, "y_11": 0.0, "y_110": -118.43406, "y_111": 62.502402, "y_112": -33.961381, "y_113": 0.0, "y_114": 0.0, "y_115": 0.0, "y_116": 0.0, "y_117": 0.0, "y_118": 0.0, "y_119": 0.0, "y_12": 0.0, "y_120": 0.0, "y_121": 7.478165, "y_122": 0.0, "y_123": 7.478165, "y_124": -7.478165, "y_125": 0.0, "y_126": 0.0, "y_127": 0.0, "y_128": 0.0, "y_129": -4.063429, "y_13": 0.0, "y_130": -145.76272, "y_131": 0.0, "y_132": 0.0, "y_133": 146.2734, "y_134": 0.0, "y_135": 0.0, "y_136": 0.0, "y_137": 0.0, "y_138": 0.0, "y_139": 0.0, "y_14": 0.0, "y_140": 0.0, "y_141": -12.174467, "y_142": 0.0, "y_143": -29.102719, "y_144": -54.508435, "y_145": 0.0, "y_146": 0.0, "y_147": 0.0, "y_148": 0.0, "y_149": 0.0, "y_15": -1.6461327, "y_150": 0.393051, "y_151": 0.0, "y_152": 0.0, "y_153": 0.0, "y_154": 0.0, "y_155": 0.0, "y_156": 18.618213, "y_157": -141.86187, "y_158": 0.0, "y_159": -17.753312, "y_16": 0.0, "y_160": 0.0, "y_161": 0.0, "y_162": 0.0, "y_163": -284.6873, "y_164": 0.0, "y_165": 0.0, "y_166": -61.187776, "y_167": -61.187776, "y_168": 0.0, "y_169": 0.0, "y_17": 0.0, "y_170": 0.0, "y_171": 0.0, "y_172": 0.0, "y_173": 0.0, "y_174": 0.0, "y_175": 0.0, "y_176": 0.0, "y_177": 0.0, "y_178": 263.88835, "y_179": -68.781664, "y_18": 0.0, "y_180": 0.0, "y_181": -0.208181, "y_182": 41.327702, "y_183": -41.744064, "y_184": 0.0, "y_185": 31.8226, "y_186": 0.0, "y_187": 0.0, "y_188": -30.968483, "y_189": -6.588539, "y_19": 0.89374067, "y_190": -4.87365, "y_191": 0.0, "y_192": 0.0, "y_193": 0.0, "y_194": 0.0, "y_195": 0.0, "y_196": 0.0, "y_197": -104.09847, "y_198": 0.0, "y_199": 55.241288, "y_2": -2.1405567, "y_20": 0.0, "y_200": 0.0, "y_201": 19.526821, "y_202": 0.0, "y_203": -30.372227, "y_204": 0.0, "y_205": 0.0, "y_206": 0.0, "y_207": 0.0, "y_208": 0.0, "y_209": 0.0, "y_21": 0.0, "y_210": 0.0, "y_211": -0.481107, "y_212": 0.0, "y_213": 0.481107, "y_214": 0.481107, "y_215": 0.0, "y_216": 0.0, "y_217": 0.0, "y_218": 0.0, "y_219": 0.0, "y_22": 0.0, "y_220": -361.44982, "y_221": 0.0, "y_222": 0.0, "y_223": 0.0, "y_224": 95.096133, "y_225": 0.0, "y_226": 0.0, "y_227": 0.0, "y_228": 7.618549, "y_229": -461.97582, "y_23": 0.0, "y_230": 0.0, "y_231": 0.0, "y_232": 0.0, "y_233": 0.0, "y_234": 0.0, "y_235": 18.742365, "y_236": 0.0, "y_237": 0.0, "y_238": 341.08099, "y_239": -61.876211, "y_24": 0.0, "y_240": 0.0, "y_241": 61.467273, "y_242": -437.11095, "y_243": 560.0455, "y_244": 0.0, "y_245": 0.0, "y_246": 0.0, "y_247": -22.18012, "y_248": 0.0, "y_249": -22.18012, "y_25": 0.0, "y_250": 0.0, "y_251": -426.42275, "y_252": 0.0, "y_253": 0.0, "y_254": 324.31405, "y_255": 295.80371, "y_256": -70.319824, "y_257": 0.0, "y_258": 0.0, "y_259": 0.0, "y_26": 0.0, "y_260": 0.0, "y_261": -327.25022, "y_262": 0.0, "y_263": 2.335141, "y_264": 0.0, "y_265": 0.0, "y_266": 0.0, "y_267": 0.0, "y_268": 175.01938, "y_269": 0.0, "y_27": 0.0, "y_270": 0.0, "y_271": -0.071808, "y_272": -3.304709, "y_273": 3.161093, "y_274": 0.0, "y_275": 62.308808, "y_276": 0.0, "y_277": 0.0, "y_278": 0.0, "y_279": 0.0, "y_28": 0.0, "y_280": -1.898856, "y_281": 0.0, "y_282": 0.0, "y_283": 0.0, "y_284": 45.760288, "y_285": 45.760288, "y_286": 24.02884, "y_287": 0.0, "y_288": 24.02884, "y_289": 0.0, "y_29": 0.0, "y_290": 0.0, "y_291": 12.620581, "y_292": 0.0, "y_293": 0.0, "y_294": 0.0, "y_295": 0.0, "y_296": -46.157085, "y_297": 55.273576, "y_298": 0.0, "y_299": 0.0, "y_3": -2.1405567, "y_30": 0.0, "y_300": 0.0, "y_301": 39.234016, "y_302": 128.4086, "y_303": 0.0, "y_304": 0.0, "y_305": 0.0, "y_306": 0.0, "y_307": 5.4380695, "y_308": 0.0, "y_309": 0.0, "y_31": -0.08, "y_310": 0.0, "y_311": 0.0, "y_312": 0.0, "y_313": 11.956418, "y_314": 11.956418, "y_315": 0.0, "y_316": 0.0, "y_317": 0.0, "y_318": 5.1680843, "y_319": -130.55173, "y_32": 0.0, "y_320": 0.0, "y_321": -17.863255, "y_322": 0.0, "y_323": 0.0, "y_324": -161.80347, "y_325": 0.0, "y_326": 0.0, "y_327": -228.55874, "y_328": 98.013271, "y_329": -54.743012, "y_33": 0.0, "y_330": 0.187659, "y_331": 0.0, "y_332": 0.0, "y_333": 0.0, "y_334": 0.0, "y_335": -23.993664, "y_336": 0.0, "y_337": 0.0, "y_338": 0.0, "y_339": 38.3174, "y_34": 0.0, "y_340": 0.0, "y_341": 0.0, "y_342": 0.0, "y_343": 0.0, "y_344": 0.0, "y_345": 0.0, "y_346": 10.1072, "y_347": -3.246768, "y_348": 0.0, "y_349": 0.0, "y_35": 0.0, "y_350": 0.0, "y_351": -39.996784, "y_352": 0.0, "y_353": 0.0, "y_354": -52.614029, "y_355": 0.0, "y_356": 0.0, "y_357": -53.049698, "y_358": -54.784323, "y_359": -247.96415, "y_36": 0.0, "y_37": 0.0, "y_38": 0.0, "y_39": 5.823864, "y_4": -2.1405567, "y_40": 0.0, "y_41": 3.696435, "y_42": 3.696435, "y_43": 182.91351, "y_44": 0.0, "y_45": 0.0, "y_46": 0.0, "y_47": 0.0, "y_48": 7.073635, "y_49": 0.0, "y_5": 0.28584, "y_50": 0.0, "y_51": -11.691749, "y_52": 0.0, "y_53": 0.0, "y_54": 0.0, "y_55": 0.0, "y_56": 0.0, "y_57": 0.0, "y_58": 0.0, "y_59": -42.825098, "y_6": 0.0, "y_60": 2.913741, "y_61": 6.9068911e-13, "y_62": 0.0, "y_63": 0.0, "y_64": 0.0, "y_65": 0.0, "y_66": 0.0, "y_67": 0.0, "y_68": 0.0, "y_69": -67.594315, "y_7": 0.0, "y_70": 0.0, "y_71": 0.0, "y_72": 0.0, "y_73": -1067.2841, "y_74": 616.48827, "y_75": -450.79586, "y_76": -209.66164, "y_77": 0.0, "y_78": -1001.0014, "y_79": 0.0, "y_8": 0.0, "y_80": 0.0, "y_81": 0.0, "y_82": 90.716016, "y_83": 0.0, "y_84": -94.683232, "y_85": 0.0, "y_86": 0.0, "y_87": 0.0, "y_88": 1040.5367, "y_89": 0.0, "y_9": 0.232952, "y_90": 0.0, "y_91": -0.0001, "y_92": 0.0, "y_93": 0.0, "y_94": 0.0, "y_95": 171.53065, "y_96": 0.0, "y_97": -163.20846, "y_98": 0.0, "y_99": 0.0}