{"utilization": 0.081115795, "y_0": -7.679016, "y_1": 0.0, "y_10": 0.0, "y_100": 0.0, "y_101": 0.0, "y_102": 122.77795, "y_103": 0.0, "y_104": 8.3788507, "y_105": 0.0, "y_106": 0.0, "y_107": 0.0, "y_108": 5.5569255, "y_109": 0.0, "y_11": -1.045517, "y_110": 0.0, "y_111": 0.0, "y_112": 0.0, "y_113": 0.0, "y_114": -134.05078, "y_115": 0.0, "y_116": 0.0, "y_117": 0.0, "y_118": 0.0, "y_119": 0.0, "y_12": -1.045517, "y_120": 0.0, "y_121": 0.0, "y_122": 0.0, "y_123": 0.0, "y_124": 0.0, "y_125": 0.0, "y_126": 0.0, "y_127": 0.0, "y_128": 0.0, "y_129": 10.467496, "y_13": 0.0, "y_130": -89.619356, "y_131": 0.0, "y_132": 0.0, "y_133": 86.423369, "y_134": 0.0, "y_135": 0.0, "y_136": 0.0, "y_137": 0.0, "y_138": 0.0, "y_139": 0.0, "y_14": 0.0, "y_140": 0.0, "y_141": -10.038168, "y_142": 0.0, "y_143": 0.614288, "y_144": 0.0, "y_145": 0.0, "y_146": 0.0, "y_147": 0.0, "y_148": 0.0, "y_149": -28.300867, "y_15": 0.0, "y_150": 195.4347, "y_151": 0.0, "y_152": 0.0, "y_153": 0.0, "y_154": 0.0, "y_155": 0.0, "y_156": 0.0, "y_157": 28.693396, "y_158": 0.0, "y_159": 28.693396, "y_16": 0.0, "y_160": 0.0, "y_161": 0.0, "y_162": 0.0, "y_163": -206.38601, "y_164": 0.0, "y_165": 0.0, "y_166": 23.943598, "y_167": 0.0, "y_168": 0.0, "y_169": -7.723664, "y_17": 0.0, "y_170": 0.0, "y_171": -27.116739, "y_172": 0.0, "y_173": 2.369997, "y_174": 0.0, "y_175": 0.0, "y_176": 0.0, "y_177": 0.0, "y_178": 0.0, "y_179": -61.75391, "y_18": 1.777328, "y_180": 6.50217, "y_181": 5.839845, "y_182": 0.0, "y_183": 0.0, "y_184": 0.0, "y_185": 0.0, "y_186": 0.0, "y_187": 0.0, "y_188": 0.0, "y_189": 8.654916, "y_19": 0.0, "y_190": 0.0, "y_191": 0.0, "y_192": 0.0, "y_193": 6.525664, "y_194": 6.525664, "y_195": 0.0, "y_196": 0.0, "y_197": -122.21515, "y_198": 0.0, "y_199": 116.21421, "y_2": -2.543997, "y_20": 0.0, "y_200": 0.0, "y_201": 0.0, "y_202": 0.0, "y_203": 0.0, "y_204": 0.0, "y_205": 0.0, "y_206": 0.0, "y_207": 0.0, "y_208": 0.0, "y_209": 0.0, "y_21": -0.181579, "y_210": 0.0, "y_211": 16.330034, "y_212": 0.0, "y_213": 16.330034, "y_214": 16.330034, "y_215": 0.0, "y_216": 0.0, "y_217": 0.0, "y_218": 0.0, "y_219": 0.0, "y_22": 0.0, "y_220": 4.3033535, "y_221": 0.0, "y_222": 0.0, "y_223": 0.0, "y_224": 41.62386, "y_225": 0.0, "y_226": 0.0, "y_227": 0.0, "y_228": 0.0, "y_229": 0.0, "y_23": 0.0, "y_230": 0.0, "y_231": 0.0, "y_232": 0.0, "y_233": 0.0, "y_234": 329.38375, "y_235": -290.77999, "y_236": 0.0, "y_237": 0.0, "y_238": 0.0, "y_239": 0.0, "y_24": 0.0, "y_240": 0.0, "y_241": 2.3364427, "y_242": 0.0, "y_243": 4.6728853, "y_244": 0.0, "y_245": 0.0, "y_246": 0.0, "y_247": 0.0, "y_248": 17.776579, "y_249": 17.776579, "y_25": 0.0, "y_250": 0.0, "y_251": 0.0, "y_252": -93.759137, "y_253": 0.0, "y_254": 0.0, "y_255": 19.204997, "y_256": 14.422207, "y_257": 0.0, "y_258": 0.0, "y_259": 0.0, "y_26": 0.0, "y_260": 0.0, "y_261": 0.0, "y_262": 0.0, "y_263": 0.0, "y_264": 54.660716, "y_265": 0.0, "y_266": 0.0, "y_267": 35.285376, "y_268": 0.0, "y_269": 277.92805, "y_27": 0.0, "y_270": 0.0, "y_271": -0.8821935, "y_272": 0.0, "y_273": 0.0, "y_274": -1.764387, "y_275": 0.0, "y_276": 0.0, "y_277": 0.0, "y_278": 0.0, "y_279": 0.0, "y_28": 5.081686, "y_280": 49.965609, "y_281": 0.0, "y_282": -8.836163, "y_283": -55.161312, "y_284": 21.109781, "y_285": 76.271094, "y_286": 0.0, "y_287": 39.257163, "y_288": 39.257163, "y_289": 0.0, "y_29": 0.0, "y_290": 0.0, "y_291": 0.0, "y_292": 0.0, "y_293": 0.0, "y_294": 0.0, "y_295": 0.0, "y_296": 0.0, "y_297": 64.594692, "y_298": 0.0, "y_299": 0.0, "y_3": -2.543997, "y_30": 0.0, "y_300": 51.810857, "y_301": 51.783654, "y_302": 0.0, "y_303": 0.0, "y_304": 0.0, "y_305": 172.18932, "y_306": 0.0, "y_307": 9.4743627, "y_308": 0.0, "y_309": 0.0, "y_31": -0.205664, "y_310": 0.0, "y_311": 0.0, "y_312": 0.0, "y_313": 96.953757, "y_314": 96.953757, "y_315": 0.0, "y_316": 7.7475973, "y_317": 0.0, "y_318": 7.7475973, "y_319": 0.0, "y_32": -4.361429, "y_320": 0.0, "y_321": 65.381171, "y_322": -29.970011, "y_323": 0.0, "y_324": -32.150461, "y_325": 0.0, "y_326": 0.0, "y_327": -225.82724, "y_328": 0.0, "y_329": 0.0, "y_33": 0.0, "y_330": 0.0, "y_331": 0.0, "y_332": -202.85546, "y_333": 0.0, "y_334": 0.0, "y_335": 60.917971, "y_336": 0.0, "y_337": 0.0, "y_338": 0.0, "y_339": 146.17795, "y_34": -188.27353, "y_340": 0.0, "y_341": 0.0, "y_342": 0.0, "y_343": 0.0, "y_344": 0.0, "y_345": 0.0, "y_346": 84.293317, "y_347": 0.0, "y_348": -76.036816, "y_349": 198.73311, "y_35": 0.0, "y_350": 0.0, "y_351": 49.905008, "y_352": 0.0, "y_353": 0.0, "y_354": 0.0, "y_355": 0.0, "y_356": 154.69116, "y_357": 0.0, "y_358": -247.99177, "y_359": 0.0, "y_36": 0.0, "y_37": 2.74999, "y_38": 0.0, "y_39": 2.7499794, "y_4": -2.543997, "y_40": 0.0, "y_41": 0.0, "y_42": 0.0, "y_43": 0.0, "y_44": 15.9772, "y_45": 0.0, "y_46": 0.00027928604, "y_47": 0.0, "y_48": 9.0782047, "y_49": 0.0, "y_5": 0.0, "y_50": 0.0, "y_51": 0.0, "y_52": 0.0, "y_53": 0.0, "y_54": 0.0, "y_55": 0.0, "y_56": 0.0, "y_57": 0.0, "y_58": 0.0, "y_59": -56.574354, "y_6": 0.0, "y_60": 0.709192, "y_61": 0.0, "y_62": -161.79277, "y_63": 0.0, "y_64": 161.79277, "y_65": 0.0, "y_66": 0.0, "y_67": 33.438538, "y_68": 0.0, "y_69": 33.438539, "y_7": 0.0, "y_70": 0.0, "y_71": -121.8254, "y_72": 0.0, "y_73": -558.13076, "y_74": 614.0996, "y_75": 55.968836, "y_76": 0.0, "y_77": 0.0, "y_78": 0.0, "y_79": 0.0, "y_8": 0.0, "y_80": 0.0, "y_81": 0.0, "y_82": 0.0, "y_83": 0.0, "y_84": 0.0, "y_85": 0.0, "y_86": 0.0, "y_87": -3.208245, "y_88": 543.59203, "y_89": -310.52818, "y_9": 0.463024, "y_90": 3.35602, "y_91": 3.27602, "y_92": 0.0, "y_93": 0.0, "y_94": -40.228851, "y_95": 0.0, "y_96": 16.675387, "y_97": 0.0, "y_98": -137.09091, "y_99": 0.0}