{"utilization": 0.096616561, "y_0": -8.501985, "y_1": 0.0, "y_10": 6.843977, "y_100": -7.322985, "y_101": 0.0, "y_102": 15.045502, "y_103": 0.0, "y_104": 0.0, "y_105": 0.0, "y_106": 0.0, "y_107": 0.0, "y_108": -163.08145, "y_109": 0.0, "y_11": -6.843977, "y_110": -22.354517, "y_111": 35.372629, "y_112": 0.0, "y_113": 0.0, "y_114": 0.0, "y_115": 0.0, "y_116": 0.0, "y_117": 6.626456, "y_118": 0.0, "y_119": 0.0, "y_12": -6.843977, "y_120": 0.0, "y_121": -0.337269, "y_122": 0.0, "y_123": -0.337269, "y_124": 0.337269, "y_125": 0.0, "y_126": 0.0, "y_127": -4.911088, "y_128": 0.0, "y_129": -4.911088, "y_13": 0.0, "y_130": -99.017221, "y_131": 0.0, "y_132": 0.0, "y_133": 93.156653, "y_134": 0.0, "y_135": 0.0, "y_136": 0.0, "y_137": 0.0, "y_138": 0.0, "y_139": 0.0, "y_14": 0.0, "y_140": 0.0, "y_141": 0.0, "y_142": 0.0, "y_143": -28.011136, "y_144": 0.0, "y_145": 0.0, "y_146": 0.0, "y_147": 0.0, "y_148": 0.0, "y_149": 7.85124, "y_15": 0.0, "y_150": 0.0, "y_151": 0.0, "y_152": 0.0, "y_153": 0.0, "y_154": 0.0, "y_155": 0.0, "y_156": 0.0, "y_157": 0.0, "y_158": 0.0, "y_159": 0.0, "y_16": 0.0, "y_160": 0.0, "y_161": -235.10855, "y_162": 0.0, "y_163": -237.98212, "y_164": 0.0, "y_165": 0.0, "y_166": -110.62504, "y_167": 0.0, "y_168": 0.0, "y_169": 0.0, "y_17": 0.0, "y_170": 0.0, "y_171": 39.66352, "y_172": 0.0, "y_173": 0.0, "y_174": -60.749333, "y_175": 0.0, "y_176": 82.492301, "y_177": -63.781344, "y_178": 222.06707, "y_179": 0.0, "y_18": 0.0, "y_180": 764.27575, "y_181": 258.11562, "y_182": 0.0, "y_183": 102.37875, "y_184": 413.85249, "y_185": 0.0, "y_186": 11.311587, "y_187": 0.0, "y_188": 0.0, "y_189": -6.747944, "y_19": -9.152297, "y_190": 0.0, "y_191": 0.0, "y_192": 0.0, "y_193": 0.0, "y_194": 0.0, "y_195": 0.0, "y_196": 0.0, "y_197": 0.0, "y_198": -112.80747, "y_199": 0.0, "y_2": 0.0, "y_20": 0.0, "y_200": 0.0, "y_201": 0.0, "y_202": 0.0, "y_203": -29.820651, "y_204": -13.060301, "y_205": 0.0, "y_206": 0.0, "y_207": 0.0, "y_208": 0.0, "y_209": 434.79633, "y_21": 0.0, "y_210": 0.0, "y_211": 0.0, "y_212": 0.0, "y_213": 0.0, "y_214": 0.0, "y_215": 0.0, "y_216": 0.0, "y_217": 0.0, "y_218": 0.0, "y_219": 0.0, "y_22": 0.0, "y_220": -21.944391, "y_221": 0.0, "y_222": 0.0, "y_223": 0.0, "y_224": 0.0, "y_225": 0.0, "y_226": 0.0, "y_227": -144.33267, "y_228": 0.0, "y_229": 0.0, "y_23": -0.732525, "y_230": 0.0, "y_231": 66.678549, "y_232": 0.0, "y_233": 0.0, "y_234": 486.83038, "y_235": -449.5256, "y_236": -418.78449, "y_237": 0.0, "y_238": 0.0, "y_239": 0.0, "y_24": 0.0, "y_240": 0.0, "y_241": -159.65434, "y_242": 0.0, "y_243": 0.0, "y_244": 0.0, "y_245": 0.0, "y_246": 0.0, "y_247": 0.0, "y_248": 0.0, "y_249": -20.551173, "y_25": 0.0, "y_250": 0.0, "y_251": 0.0, "y_252": 0.0, "y_253": 0.0, "y_254": 0.0, "y_255": -145.63174, "y_256": -66.797818, "y_257": 0.0, "y_258": -322.46721, "y_259": -19.522976, "y_26": 0.0, "y_260": 0.0, "y_261": 0.0, "y_262": 0.0, "y_263": 0.0, "y_264": -62.019203, "y_265": 0.0, "y_266": 0.0, "y_267": 0.0, "y_268": -175.45259, "y_269": 389.49154, "y_27": 0.0, "y_270": 0.51876, "y_271": 0.492093, "y_272": 0.0, "y_273": 0.984186, "y_274": 0.0, "y_275": 0.0, "y_276": 0.0, "y_277": -25.578945, "y_278": 0.0, "y_279": 0.0, "y_28": 0.0, "y_280": 0.0, "y_281": 0.0, "y_282": 0.0, "y_283": 0.0, "y_284": -3.686784, "y_285": 0.0, "y_286": 0.0, "y_287": 0.0, "y_288": -11.539354, "y_289": 0.0, "y_29": 0.0, "y_290": 0.0, "y_291": 0.0, "y_292": -2.042419, "y_293": 0.0, "y_294": 0.0, "y_295": 0.0, "y_296": -32.833441, "y_297": 50.06029, "y_298": 0.0, "y_299": 0.0, "y_3": 0.0, "y_30": 0.0, "y_300": 0.0, "y_301": 0.0, "y_302": 0.0, "y_303": 0.0, "y_304": 0.0, "y_305": 0.0, "y_306": 0.0, "y_307": -226.98742, "y_308": 0.0, "y_309": 0.0, "y_31": -0.206048, "y_310": 0.0, "y_311": 0.0, "y_312": 0.0, "y_313": -48.584114, "y_314": -48.584114, "y_315": 0.0, "y_316": 0.0, "y_317": 0.0, "y_318": -111.83767, "y_319": 0.0, "y_32": 0.0, "y_320": 0.0, "y_321": 0.0, "y_322": 0.0, "y_323": -464.53895, "y_324": -31.467971, "y_325": 0.0, "y_326": 0.0, "y_327": -231.61813, "y_328": 38.960117, "y_329": 0.0, "y_33": 0.0, "y_330": -221.9915, "y_331": -222.16381, "y_332": -222.16381, "y_333": 0.0, "y_334": 0.0, "y_335": 0.0, "y_336": 0.0, "y_337": 0.0, "y_338": 0.0, "y_339": -17.898552, "y_34": 0.0, "y_340": 0.0, "y_341": 0.0, "y_342": 0.0, "y_343": 0.0, "y_344": -70.694582, "y_345": 0.0, "y_346": 8.516669, "y_347": 0.0, "y_348": 0.0, "y_349": 218.40337, "y_35": 0.0, "y_350": 0.0, "y_351": 61.561939, "y_352": 0.0, "y_353": -98.280946, "y_354": 171.63509, "y_355": 0.0, "y_356": 0.0, "y_357": 0.0, "y_358": -274.56211, "y_359": 0.0, "y_36": 0.0, "y_37": -23.327877, "y_38": 0.0, "y_39": -23.327877, "y_4": 0.0, "y_40": 0.0, "y_41": 4.574488, "y_42": 4.574488, "y_43": 228.01115, "y_44": -163.43485, "y_45": 0.0, "y_46": -57.997959, "y_47": 0.0, "y_48": 0.0, "y_49": 0.0, "y_5": 0.0, "y_50": 0.0, "y_51": 153.2664, "y_52": 0.0, "y_53": 0.0, "y_54": -16.191093, "y_55": 16.610696, "y_56": 0.0, "y_57": 0.0, "y_58": 0.0, "y_59": 126.29718, "y_6": 0.0, "y_60": 0.0, "y_61": 242.17561, "y_62": 0.0, "y_63": -98.376208, "y_64": 582.72743, "y_65": 0.0, "y_66": 0.0, "y_67": 946.97285, "y_68": 0.0, "y_69": 946.97285, "y_7": 0.0, "y_70": 21.966363, "y_71": 0.0, "y_72": 0.0, "y_73": 0.0, "y_74": 0.0, "y_75": 0.0, "y_76": 489.75228, "y_77": 0.0, "y_78": 0.0, "y_79": 0.0, "y_8": -0.976738, "y_80": 0.0, "y_81": 601.89325, "y_82": 0.0, "y_83": 0.0, "y_84": 0.0, "y_85": 0.0, "y_86": 1327.5619, "y_87": 0.0, "y_88": 685.24078, "y_89": 0.0, "y_9": -0.182352, "y_90": 0.0, "y_91": -0.100667, "y_92": 0.0, "y_93": 151.89838, "y_94": -152.09972, "y_95": 0.0, "y_96": 0.0, "y_97": -177.46973, "y_98": 0.0, "y_99": 0.0}