{"utilization": 0.072837734, "y_0": -9.588118, "y_1": 0.0, "y_10": 9.588018, "y_100": 0.0, "y_101": 0.0, "y_102": 0.0, "y_103": 0.0, "y_104": -92.357696, "y_105": 0.0, "y_106": 0.0, "y_107": 0.0, "y_108": -194.62066, "y_109": 83.574307, "y_11": 3.455304, "y_110": -77.285208, "y_111": 89.709243, "y_112": -54.842416, "y_113": 0.0, "y_114": 0.0, "y_115": 0.0, "y_116": 0.0, "y_117": 7.462955, "y_118": 0.0, "y_119": 0.0, "y_12": 3.455304, "y_120": 0.0, "y_121": -0.133221, "y_122": 0.0, "y_123": -0.133221, "y_124": -0.133221, "y_125": 62.100605, "y_126": 0.0, "y_127": -2.728573, "y_128": 0.0, "y_129": -2.728573, "y_13": 0.0, "y_130": -70.708242, "y_131": 0.0, "y_132": 0.0, "y_133": 68.444997, "y_134": 0.0, "y_135": 0.0, "y_136": 0.0, "y_137": 0.0, "y_138": 0.0, "y_139": 0.0, "y_14": 0.0, "y_140": 0.0, "y_141": 0.0, "y_142": 0.0, "y_143": -24.559698, "y_144": -6.79772, "y_145": 0.0, "y_146": 0.0, "y_147": 0.0, "y_148": 0.0, "y_149": 8.199955, "y_15": 0.0, "y_150": 0.0, "y_151": -0.665219, "y_152": 0.0, "y_153": 0.0, "y_154": 0.0, "y_155": 0.0, "y_156": 0.0, "y_157": -57.653497, "y_158": 0.0, "y_159": 2.8052935, "y_16": 0.0, "y_160": 0.0, "y_161": 0.0, "y_162": 0.0, "y_163": 0.0, "y_164": -152.80537, "y_165": 0.0, "y_166": -22.684554, "y_167": -22.684554, "y_168": 0.0, "y_169": 16.27813, "y_17": 0.0, "y_170": 0.0, "y_171": 139.79665, "y_172": 0.0, "y_173": 0.0, "y_174": 3.705397, "y_175": 0.0, "y_176": 0.0, "y_177": 0.0, "y_178": -9.273129, "y_179": 109.89867, "y_18": 0.0, "y_180": 0.0, "y_181": -0.407595, "y_182": 0.0, "y_183": 0.0, "y_184": 0.0, "y_185": 0.0, "y_186": 0.0, "y_187": 0.0, "y_188": -4.307536, "y_189": -4.307536, "y_19": 0.0, "y_190": -4.202334, "y_191": 0.0, "y_192": 0.0, "y_193": 0.0, "y_194": -88.66452, "y_195": 0.0, "y_196": 0.0, "y_197": 0.0, "y_198": -98.956805, "y_199": 0.0, "y_2": 0.0, "y_20": 0.0, "y_200": 0.0, "y_201": 41.790419, "y_202": -23.287088, "y_203": -29.103565, "y_204": -7.599693, "y_205": 0.0, "y_206": 0.0, "y_207": 0.0, "y_208": 0.0, "y_209": 0.0, "y_21": 0.0, "y_210": 0.0, "y_211": -0.299771, "y_212": 0.0, "y_213": -0.299771, "y_214": 0.299771, "y_215": 0.0, "y_216": 24.986376, "y_217": 0.0, "y_218": 0.0, "y_219": 0.0, "y_22": 0.0, "y_220": -297.59594, "y_221": 0.0, "y_222": 0.0, "y_223": 285.74425, "y_224": 0.0, "y_225": 0.0, "y_226": 0.0, "y_227": 0.0, "y_228": 263.86034, "y_229": -303.32488, "y_23": 0.0, "y_230": 0.0, "y_231": 0.0, "y_232": 0.0, "y_233": 0.0, "y_234": 0.0, "y_235": 17.554516, "y_236": 0.0, "y_237": 0.0, "y_238": 0.0, "y_239": 0.0, "y_24": 1.00385, "y_240": 0.924549, "y_241": 0.0, "y_242": 0.0, "y_243": 0.0, "y_244": 0.0, "y_245": 0.0, "y_246": 0.0, "y_247": 0.0, "y_248": 0.0, "y_249": 0.0, "y_25": 0.0, "y_250": 0.0, "y_251": 0.0, "y_252": 0.0, "y_253": 0.0, "y_254": 27.577291, "y_255": 27.577291, "y_256": 19.742805, "y_257": 0.0, "y_258": 19.742805, "y_259": 0.0, "y_26": 1.098433, "y_260": 0.0, "y_261": 0.0, "y_262": 0.0, "y_263": 0.0, "y_264": -43.665507, "y_265": 0.0, "y_266": -44.160869, "y_267": 0.0, "y_268": -7.956368, "y_269": 272.13958, "y_27": 0.0, "y_270": 0.0, "y_271": -117.87352, "y_272": 0.0, "y_273": 0.0, "y_274": -235.74704, "y_275": 0.0, "y_276": 0.0, "y_277": 0.0, "y_278": 0.0, "y_279": 0.0, "y_28": 0.0, "y_280": 0.0, "y_281": 0.955059, "y_282": 0.0, "y_283": -356.01625, "y_284": 124.48042, "y_285": 480.49667, "y_286": 0.0, "y_287": 0.0, "y_288": 242.01258, "y_289": 0.0, "y_29": 0.0, "y_290": 0.0, "y_291": 0.0, "y_292": 233.4266, "y_293": 0.0, "y_294": 0.0, "y_295": 0.0, "y_296": 0.0, "y_297": 54.230803, "y_298": 0.0, "y_299": 0.0, "y_3": 0.0, "y_30": 0.0, "y_300": 23.309815, "y_301": 23.045183, "y_302": 0.0, "y_303": 46.090366, "y_304": 0.0, "y_305": 0.0, "y_306": 0.0, "y_307": -158.03311, "y_308": 0.0, "y_309": 0.0, "y_31": 0.0, "y_310": 5.648608, "y_311": 0.0, "y_312": 0.0, "y_313": 0.0, "y_314": -10.178621, "y_315": 0.0, "y_316": 0.0, "y_317": 0.0, "y_318": -77.241707, "y_319": 0.0, "y_32": 0.0, "y_320": 0.0, "y_321": 0.0, "y_322": 0.0, "y_323": -328.52582, "y_324": 0.0, "y_325": 0.0, "y_326": 0.0, "y_327": -194.93715, "y_328": 35.261067, "y_329": 0.0, "y_33": 0.0, "y_330": 65.953418, "y_331": 64.722389, "y_332": 64.722389, "y_333": 0.0, "y_334": 0.0, "y_335": 0.0, "y_336": 0.0, "y_337": 0.0, "y_338": 0.0, "y_339": -118.82512, "y_34": 0.0, "y_340": 0.0, "y_341": -310.38816, "y_342": 66.983946, "y_343": 0.0, "y_344": -0.715829, "y_345": 0.0, "y_346": -302.1918, "y_347": 0.0, "y_348": 0.0, "y_349": 0.0, "y_35": 0.0, "y_350": 0.0, "y_351": 0.0, "y_352": 0.0, "y_353": 0.0, "y_354": -111.2647, "y_355": 111.61986, "y_356": 0.0, "y_357": 0.0, "y_358": 0.0, "y_359": -253.90813, "y_36": 0.0, "y_37": 0.0, "y_38": 0.0, "y_39": -167.78901, "y_4": 0.0, "y_40": 0.0, "y_41": 0.0, "y_42": 4.491267, "y_43": 182.46458, "y_44": 0.0, "y_45": 0.0, "y_46": -173.21777, "y_47": 0.0, "y_48": 175.48525, "y_49": 0.0, "y_5": 0.0, "y_50": 0.0, "y_51": 144.23547, "y_52": -121.00064, "y_53": 0.0, "y_54": -11.578462, "y_55": 12.165657, "y_56": 0.0, "y_57": 0.0, "y_58": 0.0, "y_59": 0.0, "y_6": -2.584272, "y_60": 9.4975085, "y_61": 8.9184735, "y_62": 0.0, "y_63": 17.836947, "y_64": 0.0, "y_65": 0.0, "y_66": 0.0, "y_67": 0.0, "y_68": 0.0, "y_69": 98.505336, "y_7": 0.0, "y_70": 0.0, "y_71": 0.0, "y_72": 0.0, "y_73": 0.0, "y_74": 0.0, "y_75": 214.47636, "y_76": 129.96478, "y_77": -165.57472, "y_78": 295.5395, "y_79": 144.35562, "y_8": 1.00375, "y_80": 0.0, "y_81": 642.74112, "y_82": 0.0, "y_83": 0.0, "y_84": 0.0, "y_85": 0.0, "y_86": 0.0, "y_87": 0.0, "y_88": 0.0, "y_89": 0.0, "y_9": 1.00375, "y_90": 0.0, "y_91": 1.7581467, "y_92": 0.0, "y_93": 0.0, "y_94": 0.0, "y_95": 0.0, "y_96": 0.0, "y_97": -204.58593, "y_98": 68.156018, "y_99": 0.0}