{"utilization": 0.22369747, "y_0": 0.0, "y_1": 7.825034, "y_10": 0.0, "y_100": 15.750952, "y_101": 0.0, "y_102": -11.852195, "y_103": 0.0, "y_104": 125.59746, "y_105": 0.0, "y_106": 0.0, "y_107": 0.0, "y_108": 5.8359335, "y_109": 0.0, "y_11": 0.941661, "y_110": 0.0, "y_111": 95.227855, "y_112": 0.0, "y_113": 0.0, "y_114": 0.0, "y_115": -6.140963, "y_116": 0.0, "y_117": 0.0, "y_118": 0.0, "y_119": 59.850239, "y_12": 0.941661, "y_120": 0.0, "y_121": 2.368144, "y_122": 0.0, "y_123": 2.368144, "y_124": 2.368144, "y_125": 26.857462, "y_126": 0.0, "y_127": 0.0, "y_128": 0.0, "y_129": 10.553515, "y_13": -3.042256, "y_130": 0.0, "y_131": 0.0, "y_132": 0.0, "y_133": 0.0, "y_134": 0.0, "y_135": 0.0, "y_136": 0.0, "y_137": 91.751714, "y_138": -36.049878, "y_139": 0.0, "y_14": 5.6600705, "y_140": 0.0, "y_141": 16.018763, "y_142": 0.0, "y_143": 0.0, "y_144": 0.0, "y_145": 0.0, "y_146": 0.0, "y_147": -0.600333, "y_148": 0.0, "y_149": 0.0, "y_15": -1.6814335, "y_150": 8.5454065, "y_151": 8.2042705, "y_152": 16.408541, "y_153": 0.0, "y_154": 0.0, "y_155": 0.0, "y_156": 0.0, "y_157": 192.92981, "y_158": 0.0, "y_159": 14.543182, "y_16": 0.0, "y_160": 0.0, "y_161": 0.0, "y_162": 25.283298, "y_163": 0.0, "y_164": 0.0, "y_165": -203.85039, "y_166": 0.0, "y_167": 0.0, "y_168": 0.0, "y_169": 0.0, "y_17": 0.0, "y_170": 0.0, "y_171": 40.615027, "y_172": 0.0, "y_173": 0.0, "y_174": 0.0, "y_175": 0.0, "y_176": 0.0, "y_177": 0.0, "y_178": 0.0, "y_179": 0.0, "y_18": 0.0, "y_180": 26.77841, "y_181": 26.127874, "y_182": 52.255749, "y_183": 0.0, "y_184": 0.0, "y_185": 100.58974, "y_186": 0.0, "y_187": 0.0, "y_188": 7.6670905, "y_189": 7.6670905, "y_19": 0.0, "y_190": 0.0, "y_191": 0.0, "y_192": 0.0, "y_193": 0.0, "y_194": 0.0, "y_195": 0.0, "y_196": 0.0, "y_197": 0.0, "y_198": -111.90556, "y_199": 0.0, "y_2": 0.0, "y_20": 0.0, "y_200": 0.0, "y_201": 0.0, "y_202": 15.632112, "y_203": 0.0, "y_204": -9.008936, "y_205": 0.0, "y_206": 0.0, "y_207": 0.0, "y_208": 46.611349, "y_209": 0.0, "y_21": 0.0, "y_210": 0.0, "y_211": -1.503515, "y_212": 0.0, "y_213": -526.4132, "y_214": 0.0, "y_215": 0.0, "y_216": 0.0, "y_217": 0.0, "y_218": 0.0, "y_219": 0.0, "y_22": 2.010341, "y_220": 0.0, "y_221": 0.0, "y_222": 0.0, "y_223": -800.2086, "y_224": 0.0, "y_225": 0.0, "y_226": 0.0, "y_227": 308.31678, "y_228": -299.60965, "y_229": -313.12627, "y_23": 0.0, "y_230": 0.0, "y_231": 0.0, "y_232": 0.0, "y_233": 0.0, "y_234": 0.0, "y_235": 18.677805, "y_236": -6.9594, "y_237": 0.0, "y_238": 787.11063, "y_239": -716.08817, "y_24": 0.0, "y_240": 7.678656, "y_241": 5.2368, "y_242": 0.0, "y_243": 0.0, "y_244": 0.0, "y_245": 6.735651, "y_246": 0.0, "y_247": 0.0, "y_248": 0.0, "y_249": 17.046796, "y_25": 0.0, "y_250": 0.0, "y_251": 0.0, "y_252": 0.0, "y_253": 0.0, "y_254": 0.0, "y_255": 17.254393, "y_256": 13.571017, "y_257": 0.0, "y_258": 0.0, "y_259": 0.0, "y_26": 0.0, "y_260": 0.0, "y_261": 0.0, "y_262": 0.0, "y_263": 0.0, "y_264": 0.0, "y_265": 0.0, "y_266": 0.0, "y_267": 0.0, "y_268": 0.0, "y_269": 279.85906, "y_27": 0.0, "y_270": 0.020363, "y_271": 0.0, "y_272": -1.358288, "y_273": 0.0, "y_274": 0.0, "y_275": 0.0, "y_276": 0.0, "y_277": 12.831909, "y_278": 0.0, "y_279": 0.0, "y_28": 2.420336, "y_280": 0.0, "y_281": 0.0, "y_282": 0.0, "y_283": -3.416778, "y_284": 6.9660313, "y_285": 0.0, "y_286": 0.0, "y_287": 0.0, "y_288": 7.6283505, "y_289": 0.0, "y_29": 0.0, "y_290": 0.0, "y_291": 0.0, "y_292": 0.0, "y_293": 0.0, "y_294": 0.0, "y_295": 0.0, "y_296": 0.0, "y_297": 56.705736, "y_298": 0.0, "y_299": 0.0, "y_3": 0.0, "y_30": 0.0, "y_300": 0.0, "y_301": 52.503107, "y_302": 0.0, "y_303": -10.733923, "y_304": 115.74014, "y_305": 0.0, "y_306": 0.0, "y_307": 225.08011, "y_308": 0.0, "y_309": 225.0801, "y_31": 0.0, "y_310": 0.0, "y_311": -231.82302, "y_312": 0.0, "y_313": 0.0, "y_314": 0.0, "y_315": 0.0, "y_316": 439.94006, "y_317": 0.0, "y_318": 0.0, "y_319": 107.88751, "y_32": 0.0, "y_320": 0.0, "y_321": 0.0, "y_322": 0.0, "y_323": 0.0, "y_324": 77.149939, "y_325": 0.0, "y_326": 0.0, "y_327": 0.0, "y_328": 152.33241, "y_329": 0.0, "y_33": 0.0, "y_330": 430.10487, "y_331": 0.0, "y_332": 235.28535, "y_333": 0.0, "y_334": 235.28535, "y_335": 4.313005, "y_336": 0.0, "y_337": 0.0, "y_338": -286.41434, "y_339": 339.78809, "y_34": 0.0, "y_340": 0.0, "y_341": 238.63977, "y_342": 238.63977, "y_343": 0.0, "y_344": 0.0, "y_345": 0.0, "y_346": 0.0, "y_347": 0.0, "y_348": 0.0, "y_349": 0.0, "y_35": 27.359819, "y_350": 286.21551, "y_351": 0.0, "y_352": 0.0, "y_353": 0.0, "y_354": 0.0, "y_355": 0.0, "y_356": 0.0, "y_357": 0.0, "y_358": 0.0, "y_359": 0.0, "y_36": 0.0, "y_37": 0.0, "y_38": 23.563797, "y_39": 23.563797, "y_4": 0.0, "y_40": 0.0, "y_41": 3.779715, "y_42": 3.779715, "y_43": 0.0, "y_44": 0.0, "y_45": 0.0, "y_46": 42.542779, "y_47": 0.0, "y_48": -32.507747, "y_49": 0.0, "y_5": 0.0, "y_50": 0.0, "y_51": 20.399624, "y_52": 0.0, "y_53": 0.0, "y_54": 0.0, "y_55": 0.0, "y_56": 0.0, "y_57": 0.0, "y_58": 156.18554, "y_59": 0.0, "y_6": 0.0, "y_60": 545.64361, "y_61": 544.77435, "y_62": 0.0, "y_63": 1089.5487, "y_64": 0.0, "y_65": 0.0, "y_66": 0.0, "y_67": 0.0, "y_68": 0.0, "y_69": 252.15934, "y_7": 0.4700415, "y_70": 0.0, "y_71": 0.0, "y_72": 0.0, "y_73": 0.0, "y_74": 599.33696, "y_75": 599.33696, "y_76": 314.77055, "y_77": 0.0, "y_78": 0.0, "y_79": 0.0, "y_8": -0.0001, "y_80": 115.06198, "y_81": 0.0, "y_82": 0.0, "y_83": 117.85274, "y_84": 0.0, "y_85": 0.0, "y_86": 0.0, "y_87": 0.0, "y_88": 1074.4186, "y_89": -995.38288, "y_9": 0.4699415, "y_90": 11.007326, "y_91": 10.953993, "y_92": 0.0, "y_93": 0.0, "y_94": 21.907986, "y_95": 230.87826, "y_96": 0.0, "y_97": 0.0, "y_98": -143.30825, "y_99": 0.0}