{"utilization": 0.057396779, "y_0": -9.46918, "y_1": 0.0, "y_10": 9.40966, "y_100": 0.0, "y_101": 46.921168, "y_102": 0.0, "y_103": 0.0, "y_104": -16.272176, "y_105": 0.0, "y_106": 0.0, "y_107": 0.0, "y_108": -87.312776, "y_109": 0.0, "y_11": 3.413139, "y_110": 0.0, "y_111": 0.0, "y_112": 0.0, "y_113": 0.0, "y_114": 0.0, "y_115": -9.052109, "y_116": 0.0, "y_117": 0.0, "y_118": 35.871928, "y_119": 0.0, "y_12": 3.413139, "y_120": 0.0, "y_121": -0.101171, "y_122": 0.0, "y_123": 0.0, "y_124": 0.0, "y_125": 0.0, "y_126": 0.0, "y_127": -2.636563, "y_128": 0.0, "y_129": -2.636563, "y_13": 0.0, "y_130": 0.0, "y_131": 0.0, "y_132": 0.0, "y_133": -41.112915, "y_134": 0.0, "y_135": 0.0, "y_136": 0.0, "y_137": 151.82027, "y_138": 0.0, "y_139": 0.0, "y_14": 0.0, "y_140": 0.0, "y_141": 0.0, "y_142": 21.71928, "y_143": -30.084214, "y_144": 30.729582, "y_145": 0.0, "y_146": 0.0, "y_147": 0.0, "y_148": 38.059104, "y_149": 0.0, "y_15": 0.0, "y_150": 0.0, "y_151": 0.0, "y_152": 0.0, "y_153": 0.0, "y_154": 0.0, "y_155": 0.0, "y_156": 87.739916, "y_157": 22.379178, "y_158": 0.0, "y_159": 22.379178, "y_16": 0.0, "y_160": 0.0, "y_161": 0.0, "y_162": 0.0, "y_163": -153.22093, "y_164": 0.0, "y_165": 0.0, "y_166": 17.084105, "y_167": 17.084105, "y_168": 0.0, "y_169": 16.269419, "y_17": 0.0, "y_170": 0.0, "y_171": 0.0, "y_172": 112.56778, "y_173": 0.740851, "y_174": 0.0, "y_175": 0.0, "y_176": 0.0, "y_177": 0.0, "y_178": 139.38625, "y_179": 0.0, "y_18": 0.0, "y_180": 0.0, "y_181": -0.638701, "y_182": 0.0, "y_183": 0.0, "y_184": 0.0, "y_185": 223.12965, "y_186": 0.0, "y_187": 0.0, "y_188": 0.0, "y_189": 9.4372935, "y_19": 0.0, "y_190": -57.438762, "y_191": 0.0, "y_192": 0.0, "y_193": 0.0, "y_194": 116.37692, "y_195": 116.37692, "y_196": 0.0, "y_197": 0.0, "y_198": 0.0, "y_199": 0.0, "y_2": 0.0, "y_20": 0.0, "y_200": 0.0, "y_201": 0.0, "y_202": 23.08876, "y_203": 0.0, "y_204": 0.0, "y_205": 0.0, "y_206": 0.0, "y_207": 0.0, "y_208": 50.719827, "y_209": 0.0, "y_21": 0.0, "y_210": 1.441069, "y_211": 0.0, "y_212": 0.0, "y_213": 0.0, "y_214": 0.0, "y_215": 0.0, "y_216": 0.0, "y_217": 0.0, "y_218": -98.249926, "y_219": 0.0, "y_22": 0.0, "y_220": 0.0, "y_221": 0.0, "y_222": 0.0, "y_223": -9.876434, "y_224": 0.0, "y_225": 0.0, "y_226": 0.0, "y_227": 336.16195, "y_228": -326.78289, "y_229": -434.33768, "y_23": 0.0, "y_230": 0.0, "y_231": 0.0, "y_232": 0.0, "y_233": 0.0, "y_234": 0.0, "y_235": -31.203395, "y_236": 0.0, "y_237": 0.0, "y_238": 0.0, "y_239": 0.0, "y_24": 1.158097, "y_240": 0.0, "y_241": -0.458848, "y_242": 0.0, "y_243": -61.392645, "y_244": 160.13678, "y_245": 3.014203, "y_246": 0.0, "y_247": 0.0, "y_248": 0.0, "y_249": 0.0, "y_25": 0.0, "y_250": 0.0, "y_251": 0.0, "y_252": 0.0, "y_253": -8.6882, "y_254": 0.0, "y_255": -14.127573, "y_256": 0.0, "y_257": 0.0, "y_258": 0.0, "y_259": 0.0, "y_26": 1.266362, "y_260": 0.0, "y_261": 0.0, "y_262": 0.0, "y_263": 0.0, "y_264": -58.897101, "y_265": 0.0, "y_266": -21.76168, "y_267": 39.030229, "y_268": 0.0, "y_269": 311.84461, "y_27": 0.0, "y_270": 0.0, "y_271": 0.67685433, "y_272": 0.0, "y_273": 0.0, "y_274": 0.0, "y_275": 0.0, "y_276": 0.0, "y_277": 11.21268, "y_278": 0.0, "y_279": 0.0, "y_28": 0.0, "y_280": 0.0, "y_281": -35.041373, "y_282": 0.0, "y_283": 0.0, "y_284": -2.6874, "y_285": -2.6874, "y_286": 0.0, "y_287": -10.853877, "y_288": -10.853877, "y_289": -25.786864, "y_29": 0.026667, "y_290": 0.0, "y_291": 0.0, "y_292": 0.0, "y_293": 0.0, "y_294": 0.0, "y_295": 0.0, "y_296": 0.0, "y_297": 50.099766, "y_298": 0.0, "y_299": 0.0, "y_3": 0.0, "y_30": 0.0, "y_300": 0.0, "y_301": -0.034752, "y_302": 0.0, "y_303": 0.0, "y_304": 0.0, "y_305": 0.0, "y_306": 0.0, "y_307": 218.72826, "y_308": 0.0, "y_309": 218.72826, "y_31": -0.026667, "y_310": 0.0, "y_311": 0.0, "y_312": 0.0, "y_313": -151.20759, "y_314": 61.86262, "y_315": 0.0, "y_316": 427.20031, "y_317": 0.0, "y_318": 110.72204, "y_319": 0.0, "y_32": 0.0, "y_320": 0.0, "y_321": -74.918644, "y_322": 0.0, "y_323": 0.0, "y_324": -30.377019, "y_325": 0.0, "y_326": 0.0, "y_327": 0.0, "y_328": 146.0848, "y_329": -107.8144, "y_33": 0.0, "y_330": 0.0, "y_331": 0.0, "y_332": 0.0, "y_333": 0.0, "y_334": 0.0, "y_335": 0.0, "y_336": 0.0, "y_337": 33.586267, "y_338": 0.0, "y_339": 33.586267, "y_34": 0.0, "y_340": 0.0, "y_341": 2.952835, "y_342": 2.952835, "y_343": -55.642184, "y_344": 139.2313, "y_345": 0.0, "y_346": 0.0, "y_347": 0.0, "y_348": 43.590483, "y_349": 0.0, "y_35": 0.0, "y_350": 0.0, "y_351": -234.0575, "y_352": 0.0, "y_353": 0.287629, "y_354": 0.0, "y_355": 0.0, "y_356": 0.0, "y_357": 0.0, "y_358": 0.0, "y_359": -285.9826, "y_36": 0.0, "y_37": 0.0, "y_38": 0.0, "y_39": 1.915048, "y_4": 0.0, "y_40": 0.0, "y_41": 2.037952, "y_42": 2.037952, "y_43": 0.0, "y_44": 0.0, "y_45": 0.0, "y_46": 0.0, "y_47": 0.0, "y_48": -6.135739, "y_49": 0.0, "y_5": 2.534918, "y_50": 0.0, "y_51": 0.0, "y_52": 54.291478, "y_53": 0.0, "y_54": -7.222512, "y_55": 0.0, "y_56": 0.0, "y_57": 0.0, "y_58": 159.25413, "y_59": 0.0, "y_6": -2.332558, "y_60": -561.29254, "y_61": -561.92953, "y_62": 0.0, "y_63": -1123.8591, "y_64": 0.0, "y_65": 0.0, "y_66": 0.0, "y_67": 0.0, "y_68": 0.0, "y_69": -2.5907784e-14, "y_7": 0.0, "y_70": 0.0, "y_71": 0.0, "y_72": 0.0, "y_73": -1137.6732, "y_74": 634.84772, "y_75": -502.82545, "y_76": -228.90296, "y_77": -239.50224, "y_78": 10.599221, "y_79": 0.0, "y_8": 1.157997, "y_80": 0.0, "y_81": 0.0, "y_82": 80.987837, "y_83": 153.26614, "y_84": -149.93225, "y_85": 0.0, "y_86": 0.0, "y_87": 0.0, "y_88": 0.0, "y_89": 0.0, "y_9": 1.157997, "y_90": 21.778212, "y_91": 21.697444, "y_92": 0.0, "y_93": 43.394888, "y_94": 0.0, "y_95": 0.0, "y_96": 0.0, "y_97": -146.08154, "y_98": 0.0, "y_99": 0.0}