{"utilization": 0.090633541, "y_0": -6.74216, "y_1": 0.0, "y_10": 5.670989, "y_100": 0.0, "y_101": 0.0, "y_102": 0.0, "y_103": 0.0, "y_104": 72.554678, "y_105": 72.554678, "y_106": 0.0, "y_107": 0.0, "y_108": 40.637624, "y_109": 0.0, "y_11": 0.297888, "y_110": 0.0, "y_111": 0.0, "y_112": 0.0, "y_113": 0.0, "y_114": 0.0, "y_115": 0.0, "y_116": 0.0, "y_117": -154.08111, "y_118": 0.0, "y_119": 0.0, "y_12": -5.670989, "y_120": 0.0, "y_121": -0.349752, "y_122": 0.0, "y_123": -0.349752, "y_124": 0.349752, "y_125": 100.80616, "y_126": 0.0, "y_127": 0.0, "y_128": 0.0, "y_129": 10.61193, "y_13": 0.0, "y_130": -117.73056, "y_131": 0.0, "y_132": 0.0, "y_133": 109.80502, "y_134": 0.0, "y_135": 0.0, "y_136": 0.0, "y_137": 0.0, "y_138": 0.0, "y_139": 0.0, "y_14": 0.0, "y_140": 0.0, "y_141": 90.434394, "y_142": 0.0, "y_143": 0.0, "y_144": 0.0, "y_145": 0.0, "y_146": 0.0, "y_147": 0.0, "y_148": 0.0, "y_149": 62.481663, "y_15": 0.0, "y_150": 208.6111, "y_151": 0.0, "y_152": 0.0, "y_153": 0.0, "y_154": 0.0, "y_155": 0.0, "y_156": 0.0, "y_157": 0.0, "y_158": 0.0, "y_159": -16.574787, "y_16": 0.0, "y_160": 0.0, "y_161": -134.33313, "y_162": 152.88829, "y_163": -222.08568, "y_164": 0.0, "y_165": 0.0, "y_166": -58.656137, "y_167": 0.0, "y_168": 0.0, "y_169": 0.0, "y_17": 0.0, "y_170": 0.0, "y_171": 0.0, "y_172": 0.0, "y_173": 0.0, "y_174": -196.03695, "y_175": 0.0, "y_176": 0.0, "y_177": 0.0, "y_178": 0.0, "y_179": 21.020296, "y_18": 0.0, "y_180": 3.712146, "y_181": 3.658813, "y_182": 0.0, "y_183": 7.317626, "y_184": 0.0, "y_185": 0.0, "y_186": 0.0, "y_187": 0.0, "y_188": 0.0, "y_189": 11.129992, "y_19": 0.0, "y_190": 0.0, "y_191": 0.0, "y_192": 0.0, "y_193": 0.0, "y_194": 11.009755, "y_195": 0.0, "y_196": 0.0, "y_197": -128.61467, "y_198": 0.0, "y_199": 0.0, "y_2": 0.0, "y_20": 0.0, "y_200": 0.0, "y_201": 0.0, "y_202": 0.0, "y_203": 0.0, "y_204": -9.497389, "y_205": 0.0, "y_206": 0.0, "y_207": -10.559218, "y_208": 0.0, "y_209": 23.848989, "y_21": 0.0, "y_210": 0.0, "y_211": 86.194283, "y_212": 0.0, "y_213": 86.194283, "y_214": -86.194283, "y_215": 0.0, "y_216": 0.0, "y_217": 0.0, "y_218": -100.10975, "y_219": 0.0, "y_22": 0.0, "y_220": 2.4586705, "y_221": 0.0, "y_222": 0.0, "y_223": 0.0, "y_224": 202.57079, "y_225": 0.0, "y_226": 0.0, "y_227": 0.0, "y_228": 13.143603, "y_229": 0.0, "y_23": 0.0, "y_230": 0.0, "y_231": 0.0, "y_232": 70.881115, "y_233": 0.0, "y_234": 390.24796, "y_235": -32.263504, "y_236": 0.0, "y_237": 0.0, "y_238": 66.347429, "y_239": 0.0, "y_24": 4.556274, "y_240": 0.0, "y_241": -141.2514, "y_242": 0.0, "y_243": 0.0, "y_244": 0.0, "y_245": -26.48552, "y_246": 0.0, "y_247": -33.589731, "y_248": 0.0, "y_249": -33.589731, "y_25": 0.0, "y_250": 0.0, "y_251": 0.0, "y_252": 0.0, "y_253": 0.0, "y_254": 0.0, "y_255": 0.0, "y_256": -11.371307, "y_257": -11.371307, "y_258": 0.0, "y_259": 0.0, "y_26": 0.329951, "y_260": 0.0, "y_261": 0.0, "y_262": 0.0, "y_263": 0.0, "y_264": 0.0, "y_265": 0.0, "y_266": -78.504584, "y_267": 0.0, "y_268": -154.68168, "y_269": 336.78744, "y_27": 0.0, "y_270": 0.0, "y_271": 0.613692, "y_272": 0.0, "y_273": 3.035459, "y_274": -1.808075, "y_275": 0.0, "y_276": 0.0, "y_277": 0.0, "y_278": 0.0, "y_279": 0.0, "y_28": 0.0, "y_280": 0.0, "y_281": 11.806736, "y_282": -9.028235, "y_283": 0.0, "y_284": 8.6927167, "y_285": 8.6927167, "y_286": 0.0, "y_287": 0.0, "y_288": 11.453958, "y_289": 0.0, "y_29": 0.0, "y_290": 0.0, "y_291": 0.0, "y_292": 0.0, "y_293": 0.0, "y_294": 0.0, "y_295": 0.0, "y_296": 0.0, "y_297": 56.272804, "y_298": 0.0, "y_299": 0.0, "y_3": 0.0, "y_30": 0.0, "y_300": 0.0, "y_301": 6.1938132, "y_302": 0.0, "y_303": 0.0, "y_304": 0.0, "y_305": 0.0, "y_306": 0.0, "y_307": 10.243961, "y_308": 0.0, "y_309": 0.0, "y_31": -0.082357, "y_310": 0.0, "y_311": 3.448147, "y_312": 0.0, "y_313": 13.087168, "y_314": 13.087167, "y_315": 0.0, "y_316": 9.374522, "y_317": 0.0, "y_318": 9.374522, "y_319": 0.0, "y_32": 0.0, "y_320": 0.0, "y_321": 73.551746, "y_322": 0.0, "y_323": 0.0, "y_324": 0.0, "y_325": 0.0, "y_326": 0.0, "y_327": -225.57967, "y_328": 0.0, "y_329": 39.226101, "y_33": 0.0, "y_330": -234.48083, "y_331": -236.8251, "y_332": -236.8251, "y_333": 0.0, "y_334": 0.0, "y_335": 201.94309, "y_336": 0.0, "y_337": 0.0, "y_338": 0.0, "y_339": 30.41219, "y_34": 0.0, "y_340": 0.0, "y_341": 0.0, "y_342": 0.0, "y_343": 0.0, "y_344": 0.0, "y_345": 0.0, "y_346": 0.0, "y_347": 232.63005, "y_348": -226.133, "y_349": 0.0, "y_35": 0.0, "y_350": 0.0, "y_351": 193.06565, "y_352": 0.0, "y_353": 0.0, "y_354": -57.066963, "y_355": 0.0, "y_356": 0.0, "y_357": -57.902998, "y_358": -271.74723, "y_359": 0.0, "y_36": 0.0, "y_37": -7.318907, "y_38": 0.0, "y_39": -7.318907, "y_4": 0.0, "y_40": 0.0, "y_41": 0.0, "y_42": 4.619237, "y_43": 216.49076, "y_44": 0.0, "y_45": 0.0, "y_46": 0.0, "y_47": 0.0, "y_48": 0.0, "y_49": 0.0, "y_5": 0.0, "y_50": 0.0, "y_51": 0.0, "y_52": 0.0, "y_53": -21.256665, "y_54": -17.722194, "y_55": 0.0, "y_56": 0.0, "y_57": 0.0, "y_58": 0.0, "y_59": 0.0, "y_6": -1.452389, "y_60": 0.0, "y_61": 0.0, "y_62": 0.0, "y_63": 1094.7577, "y_64": 0.0, "y_65": 0.0, "y_66": 0.0, "y_67": 252.79959, "y_68": 0.0, "y_69": 252.79959, "y_7": -4.222792, "y_70": 0.0, "y_71": 0.0, "y_72": 0.0, "y_73": 0.0, "y_74": 591.16963, "y_75": 591.16963, "y_76": 437.74658, "y_77": 0.0, "y_78": 0.0, "y_79": -19.507872, "y_8": 4.467122, "y_80": 0.0, "y_81": 0.0, "y_82": 0.0, "y_83": 0.0, "y_84": 0.0, "y_85": 0.0, "y_86": 0.0, "y_87": 0.0, "y_88": -22.161259, "y_89": 129.72277, "y_9": 0.24433, "y_90": 0.0, "y_91": 2.5196667, "y_92": 0.0, "y_93": 5.0393333, "y_94": 0.0, "y_95": 85.646387, "y_96": 0.0, "y_97": 0.0, "y_98": 0.0, "y_99": -159.36203}