{"utilization": 0.080779515, "y_0": 0.0, "y_1": 7.427773, "y_10": 0.0, "y_100": 0.0, "y_101": 0.0, "y_102": 0.0, "y_103": -95.995795, "y_104": 45.111549, "y_105": 141.10734, "y_106": 0.0, "y_107": 0.0, "y_108": 77.80607, "y_109": -149.03842, "y_11": 0.0, "y_110": 0.0, "y_111": 0.0, "y_112": 36.828947, "y_113": 0.0, "y_114": -156.75583, "y_115": -5.146869, "y_116": 0.0, "y_117": 0.0, "y_118": 89.775851, "y_119": 0.0, "y_12": 0.0, "y_120": 0.0, "y_121": -0.273987, "y_122": 0.0, "y_123": -0.273987, "y_124": -0.273987, "y_125": 92.551354, "y_126": 0.0, "y_127": 0.0, "y_128": 0.0, "y_129": 13.334233, "y_13": 0.0, "y_130": -102.94443, "y_131": 0.0, "y_132": 0.0, "y_133": 98.201087, "y_134": 0.0, "y_135": 0.0, "y_136": 7.279933, "y_137": 0.0, "y_138": 0.0, "y_139": 0.0, "y_14": 0.0, "y_140": 0.0, "y_141": 85.878429, "y_142": 0.0, "y_143": 0.0, "y_144": 0.0, "y_145": 0.0, "y_146": 0.0, "y_147": 0.0, "y_148": 0.0, "y_149": 9.500165, "y_15": -9.533744, "y_150": 0.0, "y_151": -0.311363, "y_152": 49.925875, "y_153": 0.0, "y_154": -50.548601, "y_155": 0.0, "y_156": 0.0, "y_157": -133.57179, "y_158": 0.0, "y_159": 157.19688, "y_16": 0.0, "y_160": 0.0, "y_161": 121.43475, "y_162": -60.369379, "y_163": 0.0, "y_164": 0.0, "y_165": 0.0, "y_166": 0.0, "y_167": 0.0, "y_168": 243.3546, "y_169": 0.0, "y_17": 0.0, "y_170": 0.0, "y_171": 0.0, "y_172": 0.0, "y_173": 0.0, "y_174": 0.0, "y_175": 0.0, "y_176": 0.0, "y_177": 175.40658, "y_178": -16.456956, "y_179": 0.0, "y_18": 0.0, "y_180": 100.20195, "y_181": 0.0, "y_182": 0.0, "y_183": 0.0, "y_184": 0.0, "y_185": 0.0, "y_186": 0.0, "y_187": 0.0, "y_188": 25.994424, "y_189": 25.994424, "y_19": -2.754064, "y_190": -106.71056, "y_191": 0.0, "y_192": 0.0, "y_193": 0.0, "y_194": 4.41874, "y_195": 0.0, "y_196": 0.0, "y_197": -110.57854, "y_198": 0.0, "y_199": 0.0, "y_2": 2.528939, "y_20": 0.0, "y_200": 0.0, "y_201": 45.17452, "y_202": 0.0, "y_203": 0.0, "y_204": -8.559411, "y_205": 0.0, "y_206": 33.335307, "y_207": 0.0, "y_208": 0.0, "y_209": 26.304824, "y_21": 0.0, "y_210": 0.494472, "y_211": 0.0, "y_212": -53.570379, "y_213": 0.0, "y_214": 0.0, "y_215": 204.09112, "y_216": 0.0, "y_217": 0.0, "y_218": 0.0, "y_219": 241.04178, "y_22": 0.0, "y_220": -22.784916, "y_221": 0.0, "y_222": 0.0, "y_223": 0.0, "y_224": 0.0, "y_225": 0.0, "y_226": 233.39379, "y_227": 0.0, "y_228": -225.5818, "y_229": 0.0, "y_23": 0.0, "y_230": 0.0, "y_231": 0.0, "y_232": 63.246877, "y_233": 0.0, "y_234": 312.60519, "y_235": -275.53284, "y_236": 0.0, "y_237": 0.0, "y_238": 0.0, "y_239": 0.0, "y_24": 0.0, "y_240": 0.0, "y_241": 34.803492, "y_242": 0.0, "y_243": 69.606985, "y_244": 0.0, "y_245": 0.0, "y_246": 0.0, "y_247": 0.0, "y_248": 0.0, "y_249": 0.0, "y_25": 0.0, "y_250": 90.944769, "y_251": 0.0, "y_252": -39.882, "y_253": 0.0, "y_254": 51.40467, "y_255": 51.40467, "y_256": 31.106598, "y_257": 31.106598, "y_258": 0.0, "y_259": 0.0, "y_26": 0.0, "y_260": 0.0, "y_261": 0.0, "y_262": 0.0, "y_263": -51.696433, "y_264": 0.0, "y_265": 0.0, "y_266": 0.0, "y_267": 0.0, "y_268": 0.0, "y_269": 369.47342, "y_27": 0.205336, "y_270": 0.0, "y_271": 11.417759, "y_272": -1.546843, "y_273": 24.382361, "y_274": 0.0, "y_275": 0.0, "y_276": 22.516256, "y_277": 20.723093, "y_278": 0.0, "y_279": 0.0, "y_28": 0.0, "y_280": 0.0, "y_281": 0.0, "y_282": 0.0, "y_283": 0.0, "y_284": 18.869605, "y_285": 0.0, "y_286": 11.548221, "y_287": 0.0, "y_288": 11.548221, "y_289": 0.0, "y_29": 0.0, "y_290": 0.0, "y_291": 0.0, "y_292": 31.621536, "y_293": 0.0, "y_294": 0.0, "y_295": 0.0, "y_296": 0.0, "y_297": 55.474148, "y_298": 33.274725, "y_299": 0.0, "y_3": -9.956712, "y_30": 0.0, "y_300": 0.0, "y_301": 2.8276603, "y_302": 0.0, "y_303": 5.6553207, "y_304": 0.0, "y_305": 0.0, "y_306": 0.0, "y_307": 221.64422, "y_308": 0.0, "y_309": 221.64422, "y_31": -0.141672, "y_310": 0.0, "y_311": 0.0, "y_312": 0.0, "y_313": 0.0, "y_314": 65.625752, "y_315": 0.0, "y_316": 0.0, "y_317": 112.63097, "y_318": 112.63097, "y_319": -330.29026, "y_32": 0.0, "y_320": 0.0, "y_321": 0.0, "y_322": 0.0, "y_323": 431.12716, "y_324": -360.93033, "y_325": 0.0, "y_326": 0.0, "y_327": 0.0, "y_328": 0.0, "y_329": 0.0, "y_33": 0.0, "y_330": 0.0, "y_331": 0.0, "y_332": -217.97037, "y_333": 0.0, "y_334": 0.0, "y_335": 0.0, "y_336": 0.0, "y_337": 208.20249, "y_338": 0.0, "y_339": 29.072796, "y_34": 0.0, "y_340": 0.0, "y_341": 0.0, "y_342": 0.0, "y_343": 0.0, "y_344": 0.0, "y_345": 0.0, "y_346": 0.0, "y_347": 215.31664, "y_348": 0.0, "y_349": 0.0, "y_35": 221.70332, "y_350": 0.0, "y_351": 57.823291, "y_352": 0.0, "y_353": 0.0, "y_354": -43.835496, "y_355": 0.0, "y_356": 0.0, "y_357": 0.0, "y_358": -259.81035, "y_359": 0.0, "y_36": 0.0, "y_37": 0.0, "y_38": 5.4061945, "y_39": 5.4061945, "y_4": 2.528939, "y_40": 0.0, "y_41": 3.515624, "y_42": 3.515624, "y_43": 237.85957, "y_44": 0.0, "y_45": 0.0, "y_46": 0.0, "y_47": 0.0, "y_48": 0.0, "y_49": 0.0, "y_5": 0.0, "y_50": 0.0, "y_51": 0.0, "y_52": 0.0, "y_53": 0.0, "y_54": -14.763821, "y_55": 0.0, "y_56": 0.0, "y_57": 0.0, "y_58": 0.0, "y_59": 0.0, "y_6": -2.393248, "y_60": 0.0, "y_61": 565.29325, "y_62": 0.0, "y_63": 1130.5865, "y_64": 0.0, "y_65": 0.0, "y_66": 0.0, "y_67": 0.0, "y_68": 0.0, "y_69": 468.24068, "y_7": 0.0, "y_70": 0.0, "y_71": 0.0, "y_72": 0.0, "y_73": 0.0, "y_74": 615.90248, "y_75": 615.90247, "y_76": 326.68422, "y_77": 0.0, "y_78": 0.0, "y_79": 0.0, "y_8": 0.0, "y_80": 0.0, "y_81": 0.0, "y_82": 0.0, "y_83": 0.0, "y_84": -77.315485, "y_85": 0.0, "y_86": 536.62944, "y_87": 0.0, "y_88": 1674.8254, "y_89": 0.0, "y_9": 0.122768, "y_90": 0.026667, "y_91": 0.0, "y_92": 0.0, "y_93": 0.0, "y_94": 0.0, "y_95": 0.0, "y_96": 0.0, "y_97": 0.0, "y_98": -175.56402, "y_99": 0.0}