{"utilization": 0.077962402, "y_0": -11.011501, "y_1": 0.0, "y_10": 0.0, "y_100": -5.463965, "y_101": 132.19346, "y_102": 0.0, "y_103": 0.0, "y_104": 63.905227, "y_105": 0.0, "y_106": 0.0, "y_107": 0.0, "y_108": 0.0, "y_109": 122.40427, "y_11": 1.059019, "y_110": 0.0, "y_111": 32.747424, "y_112": 0.0, "y_113": 0.0, "y_114": 11.785928, "y_115": 0.0, "y_116": 0.0, "y_117": 7.495027, "y_118": 0.0, "y_119": 0.0, "y_12": 0.0, "y_120": 0.0, "y_121": 0.0, "y_122": 0.0, "y_123": 0.0, "y_124": 0.0, "y_125": 74.517137, "y_126": 0.0, "y_127": 8.3445785, "y_128": 0.0, "y_129": 8.3445785, "y_13": 0.0, "y_130": -101.5558, "y_131": 0.0, "y_132": 0.0, "y_133": 98.239572, "y_134": 0.0, "y_135": 0.0, "y_136": 0.0, "y_137": 0.0, "y_138": 15.39829, "y_139": 0.0, "y_14": 0.0, "y_140": 0.0, "y_141": 60.570141, "y_142": 0.0, "y_143": 0.0, "y_144": -13.049739, "y_145": 0.0, "y_146": 0.0, "y_147": 0.0, "y_148": 0.0, "y_149": 0.0, "y_15": 0.0, "y_150": 0.0, "y_151": 0.0, "y_152": 0.0, "y_153": 0.0, "y_154": 0.0, "y_155": 0.0, "y_156": 0.0, "y_157": 0.0, "y_158": 0.0, "y_159": 26.928093, "y_16": 0.0, "y_160": 0.0, "y_161": 41.145387, "y_162": 0.0, "y_163": -202.09211, "y_164": 0.0, "y_165": 0.0, "y_166": 28.286228, "y_167": 0.0, "y_168": 0.0, "y_169": 25.655912, "y_17": 0.0, "y_170": 0.0, "y_171": 0.0, "y_172": 0.0, "y_173": 0.0, "y_174": 0.0, "y_175": 0.0, "y_176": 0.0, "y_177": 0.0, "y_178": 190.22798, "y_179": 0.0, "y_18": 0.0, "y_180": -52.312992, "y_181": -53.167064, "y_182": 0.0, "y_183": 0.0, "y_184": 0.0, "y_185": 0.0, "y_186": 0.0, "y_187": 0.0, "y_188": 27.607576, "y_189": 27.607576, "y_19": 0.0, "y_190": 11.018459, "y_191": 0.0, "y_192": 0.0, "y_193": -122.48335, "y_194": 5.767516, "y_195": 128.25087, "y_196": 0.0, "y_197": 0.0, "y_198": 0.0, "y_199": 7.270683, "y_2": 0.0, "y_20": 0.0, "y_200": 0.0, "y_201": 53.947907, "y_202": 0.0, "y_203": 0.0, "y_204": 0.0, "y_205": 0.0, "y_206": 36.480717, "y_207": 0.0, "y_208": 0.0, "y_209": 31.955851, "y_21": 0.0, "y_210": 93.215117, "y_211": 91.514173, "y_212": -183.02835, "y_213": 91.514173, "y_214": 91.514173, "y_215": 0.0, "y_216": 0.0, "y_217": 0.0, "y_218": 0.0, "y_219": 0.0, "y_22": 0.0, "y_220": -175.25302, "y_221": 0.0, "y_222": 0.0, "y_223": 0.0, "y_224": 0.0, "y_225": 0.0, "y_226": 0.0, "y_227": 0.0, "y_228": 6.829355, "y_229": 0.0, "y_23": 0.0, "y_230": 0.0, "y_231": -39.801488, "y_232": 0.0, "y_233": 0.0, "y_234": 337.55818, "y_235": -300.92508, "y_236": 0.0, "y_237": 0.0, "y_238": 162.48966, "y_239": 0.0, "y_24": 0.0, "y_240": -60.694372, "y_241": -62.95186, "y_242": 0.0, "y_243": 0.0, "y_244": 0.0, "y_245": 4.230752, "y_246": 0.0, "y_247": 0.0, "y_248": 0.0, "y_249": 53.884168, "y_25": 0.0, "y_250": 0.0, "y_251": 0.0, "y_252": 6.057221, "y_253": 19.023398, "y_254": 0.0, "y_255": 19.023398, "y_256": 31.986261, "y_257": 0.0, "y_258": 0.0, "y_259": 0.0, "y_26": 0.0, "y_260": 0.0, "y_261": 0.0, "y_262": 0.0, "y_263": 0.0, "y_264": -48.80629, "y_265": 0.0, "y_266": 0.0, "y_267": 74.87484, "y_268": -154.83379, "y_269": 284.14149, "y_27": 0.0, "y_270": 0.0, "y_271": 0.998632, "y_272": 0.0, "y_273": 1.997264, "y_274": 0.0, "y_275": 0.0, "y_276": 0.0, "y_277": 18.960595, "y_278": 0.0, "y_279": 0.0, "y_28": 9.893437, "y_280": 0.0, "y_281": 0.0, "y_282": 0.0, "y_283": 0.0, "y_284": 9.8943973, "y_285": 9.8943973, "y_286": 0.0, "y_287": 0.0, "y_288": 15.666166, "y_289": 0.0, "y_29": -7.13821, "y_290": 0.0, "y_291": 7.497547, "y_292": 0.0, "y_293": 0.0, "y_294": -50.814278, "y_295": 0.0, "y_296": 9.23056, "y_297": 0.0, "y_298": 1.661147, "y_299": 0.0, "y_3": 0.0, "y_30": 0.0, "y_300": 0.0, "y_301": -0.084941, "y_302": -48.069337, "y_303": 47.899455, "y_304": 0.0, "y_305": 0.0, "y_306": 0.0, "y_307": 0.0, "y_308": 0.0, "y_309": 0.0, "y_31": 0.0, "y_310": -8.035788, "y_311": 0.0, "y_312": 0.0, "y_313": 0.0, "y_314": 33.264341, "y_315": 0.0, "y_316": 0.0, "y_317": 0.0, "y_318": 1.4920025, "y_319": 36.629064, "y_32": 0.0, "y_320": 0.0, "y_321": 0.0, "y_322": 0.0, "y_323": 234.06401, "y_324": 0.0, "y_325": 0.0, "y_326": -240.71051, "y_327": 0.0, "y_328": 0.0, "y_329": -37.03064, "y_33": 0.0, "y_330": -242.99031, "y_331": -244.27981, "y_332": -244.27981, "y_333": 0.0, "y_334": 0.0, "y_335": 0.0, "y_336": 0.0, "y_337": 0.0, "y_338": 0.0, "y_339": 25.850593, "y_34": 0.0, "y_340": 0.0, "y_341": 0.0, "y_342": 0.0, "y_343": 0.0, "y_344": 0.0, "y_345": 0.0, "y_346": 0.0, "y_347": 0.0, "y_348": 10.333371, "y_349": 235.48777, "y_35": 0.0, "y_350": 0.0, "y_351": 55.308672, "y_352": 0.0, "y_353": 0.0, "y_354": 167.77029, "y_355": 0.0, "y_356": 0.0, "y_357": 0.0, "y_358": -278.75935, "y_359": 0.0, "y_36": 0.0, "y_37": 0.0, "y_38": 0.0, "y_39": 0.0, "y_4": 0.0, "y_40": 0.0, "y_41": 0.0, "y_42": 0.0, "y_43": 173.21381, "y_44": 0.0, "y_45": 0.0, "y_46": -4.863003, "y_47": -16.784506, "y_48": 24.453738, "y_49": 13.818901, "y_5": 0.0, "y_50": 0.0, "y_51": -5.062848, "y_52": 0.0, "y_53": 0.0, "y_54": 5.835149, "y_55": 0.0, "y_56": 0.0, "y_57": 5.505597, "y_58": 0.0, "y_59": -21.05876, "y_6": 0.464664, "y_60": 0.0, "y_61": 0.0, "y_62": 0.0, "y_63": 0.0, "y_64": 0.0, "y_65": 0.0, "y_66": 0.0, "y_67": 0.0, "y_68": 0.0, "y_69": 0.0, "y_7": 0.0, "y_70": 0.0, "y_71": 134.26143, "y_72": 0.0, "y_73": -857.91087, "y_74": 551.9198, "y_75": -305.99108, "y_76": -69.450221, "y_77": 0.0, "y_78": -683.24825, "y_79": 105.11985, "y_8": 0.0, "y_80": 0.0, "y_81": 0.0, "y_82": 96.958701, "y_83": 0.0, "y_84": 0.0, "y_85": 0.0, "y_86": 0.0, "y_87": 0.0, "y_88": 842.70795, "y_89": 0.0, "y_9": 0.4785535, "y_90": 0.0, "y_91": 0.0, "y_92": 0.0, "y_93": 0.0, "y_94": 0.0, "y_95": 109.46148, "y_96": 0.0, "y_97": -148.1741, "y_98": 0.0, "y_99": 0.0}