{"utilization": 0.14394985, "y_0": -7.233809, "y_1": 0.0, "y_10": 0.0, "y_100": 0.0, "y_101": 0.0, "y_102": 0.0, "y_103": 0.0, "y_104": 5.8399625, "y_105": 5.8399625, "y_106": 0.0, "y_107": -167.6944, "y_108": 0.0, "y_109": 0.0, "y_11": 0.0, "y_110": 0.0, "y_111": 0.0, "y_112": 0.0, "y_113": 0.0, "y_114": 23.185869, "y_115": 0.0, "y_116": 0.0, "y_117": 5.765853, "y_118": 0.0, "y_119": 0.0, "y_12": 0.0, "y_120": 0.0, "y_121": 0.0, "y_122": 0.0, "y_123": 0.0, "y_124": 0.0, "y_125": 0.0, "y_126": 0.0, "y_127": 10.399951, "y_128": 0.0, "y_129": 10.39995, "y_13": 0.0, "y_130": 0.0, "y_131": 0.0, "y_132": 0.0, "y_133": 0.0, "y_134": 0.0, "y_135": 92.639643, "y_136": 0.0, "y_137": 106.49827, "y_138": 0.0, "y_139": 0.0, "y_14": 0.0, "y_140": 0.0, "y_141": -8.075864, "y_142": 0.0, "y_143": 0.0, "y_144": -10.474901, "y_145": 0.0, "y_146": 0.0, "y_147": 15.247654, "y_148": -7.59424, "y_149": 0.0, "y_15": 0.0, "y_150": 0.920859, "y_151": 9.0028724e-13, "y_152": 0.0, "y_153": 0.0, "y_154": 0.0, "y_155": 0.0, "y_156": 0.0, "y_157": 0.0, "y_158": 0.0, "y_159": 57.806637, "y_16": 0.0, "y_160": 0.0, "y_161": 0.0, "y_162": 0.0, "y_163": -249.29468, "y_164": 0.0, "y_165": 0.0, "y_166": 8.5656455, "y_167": 0.0, "y_168": 0.0, "y_169": 0.0, "y_17": 0.0, "y_170": 0.0, "y_171": 0.0, "y_172": 0.0, "y_173": 0.0, "y_174": 0.0, "y_175": 0.0, "y_176": 79.543183, "y_177": -2.164629, "y_178": 231.08864, "y_179": -196.65327, "y_18": 0.0, "y_180": 0.192691, "y_181": 9.6780878e-13, "y_182": 0.0, "y_183": 0.0, "y_184": 0.0, "y_185": 34.106093, "y_186": 0.0, "y_187": 0.0, "y_188": 0.0, "y_189": 26.983296, "y_19": 0.0, "y_190": 59.520248, "y_191": 0.0, "y_192": 0.0, "y_193": -93.907752, "y_194": 22.275248, "y_195": 116.183, "y_196": 0.0, "y_197": 0.0, "y_198": 0.0, "y_199": 0.0, "y_2": -0.858483, "y_20": 0.0, "y_200": 0.0, "y_201": 0.0, "y_202": 0.0, "y_203": 0.0, "y_204": -8.9994, "y_205": 0.0, "y_206": 32.899533, "y_207": 0.0, "y_208": 25.068904, "y_209": 0.0, "y_21": 0.0, "y_210": 0.0, "y_211": -0.351067, "y_212": 0.0, "y_213": -0.351067, "y_214": -0.351067, "y_215": 0.0, "y_216": 0.0, "y_217": 0.0, "y_218": 0.0, "y_219": 0.0, "y_22": 0.0, "y_220": -356.48924, "y_221": 0.0, "y_222": 0.0, "y_223": 334.22801, "y_224": 0.0, "y_225": 0.0, "y_226": 0.0, "y_227": 0.0, "y_228": 0.0, "y_229": -459.84593, "y_23": 0.0, "y_230": 0.0, "y_231": -32.188147, "y_232": 0.0, "y_233": 0.0, "y_234": 0.0, "y_235": 20.160498, "y_236": -9.780245, "y_237": 0.0, "y_238": 0.0, "y_239": 0.0, "y_24": -0.478424, "y_240": 0.0, "y_241": -1.378275, "y_242": -2.75655, "y_243": 0.0, "y_244": 0.0, "y_245": 0.0, "y_246": 0.0, "y_247": 0.0, "y_248": 0.0, "y_249": 98.379793, "y_25": 0.0, "y_250": 0.0, "y_251": 54.375167, "y_252": 0.0, "y_253": -19.937758, "y_254": 60.638663, "y_255": 40.700905, "y_256": 53.009233, "y_257": 0.0, "y_258": 53.009233, "y_259": 40.308165, "y_26": 0.0, "y_260": 0.0, "y_261": 0.0, "y_262": 0.0, "y_263": 0.0, "y_264": 0.0, "y_265": 0.0, "y_266": 120.26082, "y_267": -2.441072, "y_268": 0.0, "y_269": 365.09957, "y_27": 0.0, "y_270": 12.352458, "y_271": 12.352358, "y_272": 0.0, "y_273": 24.704716, "y_274": 0.0, "y_275": 0.0, "y_276": 0.0, "y_277": 0.0, "y_278": 0.0, "y_279": 0.0, "y_28": 5.164041, "y_280": 23.842667, "y_281": 0.0, "y_282": 0.0, "y_283": 0.0, "y_284": 14.414038, "y_285": 0.0, "y_286": -11.377243, "y_287": 12.448379, "y_288": 1.071136, "y_289": 10.607219, "y_29": -3.085749, "y_290": 0.0, "y_291": 0.0, "y_292": 0.0, "y_293": 0.0, "y_294": 0.0, "y_295": 0.0, "y_296": 0.0, "y_297": 54.898748, "y_298": 0.0, "y_299": 0.0, "y_3": 0.0, "y_30": 0.0, "y_300": 102.77911, "y_301": 102.69105, "y_302": 0.0, "y_303": 0.0, "y_304": 0.0, "y_305": 0.0, "y_306": 0.0, "y_307": 265.24591, "y_308": 0.0, "y_309": 265.24591, "y_31": -0.138005, "y_310": 4.25644, "y_311": 0.0, "y_312": 0.0, "y_313": 0.0, "y_314": 100.45735, "y_315": 100.45735, "y_316": 0.0, "y_317": 0.0, "y_318": 184.8857, "y_319": 0.0, "y_32": 0.0, "y_320": 0.0, "y_321": -105.68523, "y_322": 0.0, "y_323": 514.87431, "y_324": -28.621013, "y_325": 0.0, "y_326": 0.0, "y_327": 0.0, "y_328": 190.45255, "y_329": -143.89869, "y_33": 0.0, "y_330": 0.0, "y_331": 24.094332, "y_332": 24.094332, "y_333": 0.0, "y_334": 0.0, "y_335": 0.0, "y_336": 0.0, "y_337": 0.0, "y_338": 0.0, "y_339": 0.0, "y_34": 0.0, "y_340": 0.0, "y_341": 0.0, "y_342": 0.0, "y_343": 0.0, "y_344": 126.24783, "y_345": 0.0, "y_346": -62.613634, "y_347": -28.172655, "y_348": 98.062305, "y_349": 0.0, "y_35": 0.0, "y_350": 0.0, "y_351": 0.0, "y_352": 0.0, "y_353": 1.096949, "y_354": 0.0, "y_355": 0.0, "y_356": 0.0, "y_357": 0.0, "y_358": 0.0, "y_359": -296.69199, "y_36": 0.0, "y_37": 29.852587, "y_38": 0.0, "y_39": 29.852587, "y_4": -0.858483, "y_40": 0.0, "y_41": 3.75, "y_42": 3.75, "y_43": 237.02017, "y_44": 0.0, "y_45": 0.0, "y_46": 51.299435, "y_47": 0.0, "y_48": 0.0, "y_49": 0.0, "y_5": 0.0, "y_50": 0.0, "y_51": 148.0791, "y_52": 0.0, "y_53": 0.0, "y_54": 0.0, "y_55": 0.0, "y_56": 0.0, "y_57": -0.377405, "y_58": 0.0, "y_59": 116.86733, "y_6": 1.317, "y_60": 0.0, "y_61": 1.242115e-12, "y_62": 0.0, "y_63": 0.0, "y_64": 0.0, "y_65": 0.0, "y_66": 0.0, "y_67": 0.0, "y_68": 0.0, "y_69": 390.80223, "y_7": -0.026667, "y_70": 0.0, "y_71": 0.0, "y_72": 21.978672, "y_73": -24.803253, "y_74": 622.04535, "y_75": 597.2421, "y_76": 313.56875, "y_77": 0.0, "y_78": 1090.9542, "y_79": 0.0, "y_8": -0.722643, "y_80": 0.0, "y_81": 0.0, "y_82": 0.0, "y_83": 3.652659, "y_84": 0.0, "y_85": 0.0, "y_86": 0.0, "y_87": 0.0, "y_88": 0.0, "y_89": 107.04218, "y_9": 0.1034455, "y_90": 0.0, "y_91": 2.116432, "y_92": 0.0, "y_93": 0.0, "y_94": 4.232864, "y_95": 0.0, "y_96": -35.153365, "y_97": -185.8351, "y_98": 0.0, "y_99": 0.0}