{"utilization": 0.0061824418, "y_0": 0.0, "y_1": 6.905772, "y_10": 0.0, "y_100": 24.407117, "y_101": 0.0, "y_102": 0.0, "y_103": 0.0, "y_104": 7.2361175, "y_105": 7.2360951, "y_106": 0.0, "y_107": 19.199833, "y_108": 0.0, "y_109": 0.0, "y_11": -0.479029, "y_110": 137.55525, "y_111": 0.0, "y_112": 0.0, "y_113": 0.0, "y_114": 0.0, "y_115": 0.0, "y_116": 0.0, "y_117": 5.185976, "y_118": 0.0, "y_119": 0.0, "y_12": 0.0, "y_120": 0.0, "y_121": 0.0, "y_122": 0.0, "y_123": 0.0, "y_124": 0.0, "y_125": 168.26573, "y_126": 0.0, "y_127": 0.0, "y_128": 0.0, "y_129": 0.0, "y_13": -2.545195, "y_130": -186.39034, "y_131": 0.0, "y_132": 0.0, "y_133": 182.97459, "y_134": 0.0, "y_135": 0.0, "y_136": 0.0, "y_137": 0.0, "y_138": 0.0, "y_139": 0.0, "y_14": 0.0, "y_140": 0.0, "y_141": 140.65103, "y_142": 0.0, "y_143": 0.0, "y_144": 0.0, "y_145": 0.0, "y_146": -21.434608, "y_147": 0.0, "y_148": 0.0, "y_149": 0.0, "y_15": 0.0, "y_150": 0.397872, "y_151": 7.7227765e-13, "y_152": 0.0, "y_153": 0.0, "y_154": 0.0, "y_155": 0.0, "y_156": 0.0, "y_157": -29.627027, "y_158": 0.0, "y_159": 54.059067, "y_16": 0.0, "y_160": 0.0, "y_161": 0.0, "y_162": 0.0, "y_163": -236.39486, "y_164": 0.0, "y_165": 0.0, "y_166": 0.0, "y_167": 0.0, "y_168": 0.0, "y_169": 0.0, "y_17": 0.0, "y_170": 0.0, "y_171": -156.80739, "y_172": 0.0, "y_173": 0.0, "y_174": -44.889011, "y_175": 0.0, "y_176": 0.0, "y_177": 0.0, "y_178": 220.54672, "y_179": -197.11835, "y_18": 0.0, "y_180": 0.0, "y_181": 1.1457903, "y_182": 0.0, "y_183": 2.2915807, "y_184": 0.0, "y_185": 0.0, "y_186": 0.0, "y_187": 0.0, "y_188": 0.0, "y_189": -99.283203, "y_19": 0.0, "y_190": 0.0, "y_191": 0.0, "y_192": 5.316792, "y_193": 0.0, "y_194": 7.8840063, "y_195": 0.0, "y_196": -118.81121, "y_197": 0.0, "y_198": 0.0, "y_199": 0.0, "y_2": -1.512936, "y_20": 0.0, "y_200": -1.230808, "y_201": 0.0, "y_202": 0.0, "y_203": 0.0, "y_204": 0.0, "y_205": 0.0, "y_206": 0.0, "y_207": 0.0, "y_208": 0.0, "y_209": -24.123304, "y_21": 0.0, "y_210": 1.121811, "y_211": 0.0, "y_212": -307.04524, "y_213": 0.0, "y_214": 0.0, "y_215": 70.056465, "y_216": 0.0, "y_217": 0.0, "y_218": 0.0, "y_219": 0.0, "y_22": 0.548691, "y_220": -103.05166, "y_221": -103.05166, "y_222": 0.0, "y_223": 0.0, "y_224": 0.0, "y_225": 0.0, "y_226": 0.0, "y_227": 0.0, "y_228": -95.991182, "y_229": 0.0, "y_23": 0.0, "y_230": 0.0, "y_231": 45.21631, "y_232": 0.0, "y_233": 0.0, "y_234": 455.86982, "y_235": -412.03264, "y_236": -38.233704, "y_237": 0.0, "y_238": 85.141819, "y_239": 0.0, "y_24": 0.0, "y_240": 1.571187, "y_241": 0.0, "y_242": 0.0, "y_243": 0.0, "y_244": 0.0, "y_245": 8.190808, "y_246": 0.0, "y_247": 0.0, "y_248": 0.0, "y_249": -21.579643, "y_25": 0.0, "y_250": 0.0, "y_251": 9.398981, "y_252": 0.0, "y_253": 136.08297, "y_254": 0.0, "y_255": -148.04057, "y_256": -64.429582, "y_257": 0.0, "y_258": -64.429582, "y_259": 0.0, "y_26": 0.0, "y_260": 0.0, "y_261": 0.0, "y_262": 0.0, "y_263": 0.0, "y_264": -38.894203, "y_265": 0.0, "y_266": 0.0, "y_267": 0.0, "y_268": -149.29586, "y_269": 314.50091, "y_27": 0.0, "y_270": 0.0, "y_271": -0.04, "y_272": 0.0, "y_273": 13.040875, "y_274": -13.120875, "y_275": 0.0, "y_276": 0.0, "y_277": 0.0, "y_278": 0.0, "y_279": 0.0, "y_28": 0.0, "y_280": 10.25331, "y_281": 0.0, "y_282": -9.445403, "y_283": 0.0, "y_284": 12.124039, "y_285": 12.124039, "y_286": 0.0, "y_287": 0.0, "y_288": 7.2551353, "y_289": 0.0, "y_29": 0.0, "y_290": 0.0, "y_291": 0.0, "y_292": 0.0, "y_293": 0.0, "y_294": 0.0, "y_295": 0.0, "y_296": -46.181243, "y_297": 53.976363, "y_298": -11.458734, "y_299": 0.0, "y_3": 0.0, "y_30": 0.0, "y_300": 6.7662736, "y_301": 6.5845886, "y_302": 0.0, "y_303": 0.0, "y_304": 0.0, "y_305": 0.0, "y_306": 0.0, "y_307": 4.7311695, "y_308": 0.0, "y_309": 0.0, "y_31": -0.08, "y_310": 0.0, "y_311": 0.0, "y_312": 0.0, "y_313": 8.8813751, "y_314": 8.8813751, "y_315": 0.0, "y_316": 0.0, "y_317": 4.2660912, "y_318": 4.2660913, "y_319": -136.36549, "y_32": 0.0, "y_320": 0.0, "y_321": 0.0, "y_322": 0.0, "y_323": 0.0, "y_324": -168.81829, "y_325": 0.0, "y_326": 0.0, "y_327": -247.68921, "y_328": 0.0, "y_329": 0.0, "y_33": 0.0, "y_330": 0.0, "y_331": -143.44154, "y_332": -143.44154, "y_333": 0.0, "y_334": 0.0, "y_335": 0.0, "y_336": 0.0, "y_337": -9.652005, "y_338": 0.0, "y_339": -9.652005, "y_34": 0.0, "y_340": 0.0, "y_341": 0.0, "y_342": 0.0, "y_343": -322.45159, "y_344": 0.0, "y_345": 0.0, "y_346": 0.0, "y_347": 0.0, "y_348": 0.0, "y_349": 137.90686, "y_35": 161.30976, "y_350": -87.398944, "y_351": -9.707475, "y_352": 0.0, "y_353": -86.626365, "y_354": 0.0, "y_355": 0.0, "y_356": 0.0, "y_357": 0.0, "y_358": 0.0, "y_359": -277.53452, "y_36": 0.0, "y_37": 0.0, "y_38": 0.0, "y_39": 3.159944, "y_4": -1.512936, "y_40": 0.0, "y_41": 2.125008, "y_42": 0.0, "y_43": 222.37895, "y_44": 0.0, "y_45": 0.0, "y_46": 0.0, "y_47": 0.0, "y_48": 5.165331, "y_49": 0.0, "y_5": 1.955082, "y_50": 0.0, "y_51": 154.19205, "y_52": 0.0, "y_53": 0.0, "y_54": 0.0, "y_55": 0.0, "y_56": 0.0, "y_57": 0.0, "y_58": 0.0, "y_59": 122.58444, "y_6": -1.698413, "y_60": 832.57498, "y_61": 0.0, "y_62": 0.0, "y_63": 0.0, "y_64": 0.0, "y_65": 0.0, "y_66": 0.0, "y_67": 0.0, "y_68": 0.0, "y_69": 0.0, "y_7": 0.0, "y_70": 0.0, "y_71": 0.0, "y_72": 0.0, "y_73": -845.71886, "y_74": 566.88455, "y_75": -278.83431, "y_76": -123.84025, "y_77": 509.14239, "y_78": -632.98264, "y_79": 0.0, "y_8": 0.0, "y_80": 0.0, "y_81": 0.0, "y_82": 0.0, "y_83": 0.0, "y_84": 0.0, "y_85": 0.0, "y_86": 55.482397, "y_87": 0.0, "y_88": 0.0, "y_89": -118.09779, "y_9": 0.0658135, "y_90": 14.895034, "y_91": 14.868367, "y_92": 0.0, "y_93": 0.0, "y_94": 0.0, "y_95": 0.0, "y_96": 22.097282, "y_97": 3.4910755e-05, "y_98": -144.62419, "y_99": 0.0}