{"utilization": 0.11892304, "y_0": -3.6131015, "y_1": 4.9938833, "y_10": -1.6006652e-05, "y_100": 0.0, "y_101": 0.0, "y_102": 0.0, "y_103": 0.0, "y_104": 11.662137, "y_105": 0.0, "y_106": 8.4254895, "y_107": 0.0, "y_108": 8.4254895, "y_109": -6.256547, "y_11": 1.6006652e-05, "y_110": -6.131907, "y_111": 0.0, "y_112": 31.739016, "y_113": 0.0, "y_114": 0.0, "y_115": 0.0, "y_116": 0.0, "y_117": 0.0, "y_118": 0.0, "y_119": 0.0, "y_12": 3.0285724e-06, "y_120": 0.0, "y_121": -0.55088, "y_122": 0.0, "y_123": -0.55088, "y_124": -0.55088, "y_125": 31.88672, "y_126": 0.0, "y_127": 0.0, "y_128": 0.0, "y_129": 28.494309, "y_13": 0.0, "y_130": -108.13608, "y_131": 0.0, "y_132": 0.0, "y_133": 0.0, "y_134": 0.0, "y_135": 0.0, "y_136": 0.0, "y_137": 0.0, "y_138": -36.809085, "y_139": 0.0, "y_14": 0.0, "y_140": 0.0, "y_141": 22.350235, "y_142": 0.0, "y_143": 0.0, "y_144": 0.0, "y_145": 0.0, "y_146": 34.780018, "y_147": 0.0, "y_148": 104.08278, "y_149": 0.0, "y_15": 0.0, "y_150": 0.0, "y_151": -104.56025, "y_152": 0.0, "y_153": 0.0, "y_154": 0.0, "y_155": 0.0, "y_156": 18.509832, "y_157": 0.0, "y_158": -23.482, "y_159": 62.365765, "y_16": 0.0, "y_160": 0.0, "y_161": 0.0, "y_162": 0.0, "y_163": -206.49035, "y_164": 0.0, "y_165": 0.0, "y_166": 12.120162, "y_167": 0.0, "y_168": 0.0, "y_169": 0.0, "y_17": 0.0, "y_170": 21.969573, "y_171": 0.0, "y_172": 52.498517, "y_173": 0.0, "y_174": 0.0, "y_175": 0.0, "y_176": 0.0, "y_177": 0.0, "y_178": 89.705701, "y_179": 0.0, "y_18": 0.0, "y_180": 0.0, "y_181": 32.790293, "y_182": 0.0, "y_183": 0.0, "y_184": 65.580586, "y_185": 0.0, "y_186": 0.0, "y_187": 0.0, "y_188": 0.0, "y_189": 34.859309, "y_19": 0.67604551, "y_190": 0.0, "y_191": 0.0, "y_192": 0.0, "y_193": 0.0, "y_194": 7.0910615, "y_195": 0.0, "y_196": 0.0, "y_197": -137.92258, "y_198": 0.0, "y_199": 12.551635, "y_2": -2.4969737, "y_20": 0.0, "y_200": 0.0, "y_201": 0.0, "y_202": 0.0, "y_203": 0.0, "y_204": 0.0, "y_205": 0.0, "y_206": 44.182341, "y_207": -0.821376, "y_208": 93.611282, "y_209": 0.0, "y_21": 0.0, "y_210": 0.950251, "y_211": 0.0, "y_212": 0.0, "y_213": 0.0, "y_214": 0.0, "y_215": 0.0, "y_216": 0.0, "y_217": 0.0, "y_218": 0.0, "y_219": 0.0, "y_22": 0.0, "y_220": 51.830884, "y_221": 0.0, "y_222": 0.0, "y_223": -231.39146, "y_224": 301.07273, "y_225": 0.0, "y_226": 0.0, "y_227": 0.0, "y_228": 0.0, "y_229": 0.0, "y_23": 0.58369038, "y_230": 0.0, "y_231": 0.0, "y_232": 81.757256, "y_233": 0.0, "y_234": 493.51719, "y_235": -459.11466, "y_236": 0.0, "y_237": 0.0, "y_238": 160.66402, "y_239": 0.0, "y_24": 0.25171229, "y_240": 0.0, "y_241": 72.923912, "y_242": 0.0, "y_243": 0.0, "y_244": 145.84782, "y_245": 34.733633, "y_246": 0.0, "y_247": 0.0, "y_248": 0.0, "y_249": 68.642623, "y_25": -0.83530092, "y_250": 212.56481, "y_251": 0.0, "y_252": 0.0, "y_253": 0.0, "y_254": 30.815894, "y_255": 30.815894, "y_256": 21.045025, "y_257": 204.83063, "y_258": 0.0, "y_259": 0.0, "y_26": 0.0, "y_260": 0.0, "y_261": 0.0, "y_262": 0.0, "y_263": 0.0, "y_264": 0.0, "y_265": 0.0, "y_266": 89.04151, "y_267": 0.0, "y_268": 0.0, "y_269": 292.85394, "y_27": 0.0, "y_270": 0.0, "y_271": 4.4515391e-14, "y_272": 0.0, "y_273": 0.0, "y_274": 0.0, "y_275": 28.821972, "y_276": -6.045741, "y_277": 13.141845, "y_278": 0.0, "y_279": 0.0, "y_28": 0.0, "y_280": 0.0, "y_281": 0.0, "y_282": 0.0, "y_283": -0.890136, "y_284": 19.81278, "y_285": 0.0, "y_286": 0.0, "y_287": 0.0, "y_288": 7.797825, "y_289": 10.541083, "y_29": -1.5062954, "y_290": 0.0, "y_291": 0.0, "y_292": 0.0, "y_293": 0.0, "y_294": 0.0, "y_295": 0.0, "y_296": 0.0, "y_297": 55.882664, "y_298": 0.0, "y_299": 0.0, "y_3": -2.4969259, "y_30": 0.0, "y_300": 0.0, "y_301": 1.8644773, "y_302": 669.18665, "y_303": 0.0, "y_304": 0.0, "y_305": 638.26487, "y_306": 0.0, "y_307": 233.1771, "y_308": 0.0, "y_309": 233.1771, "y_31": -0.027699, "y_310": 0.0, "y_311": 673.10103, "y_312": 0.0, "y_313": 0.0, "y_314": 554.16811, "y_315": 0.0, "y_316": 454.81913, "y_317": 0.0, "y_318": 454.81913, "y_319": 0.0, "y_32": 0.0, "y_320": 0.0, "y_321": 75.530691, "y_322": 0.0, "y_323": 0.0, "y_324": -31.895693, "y_325": 0.0, "y_326": 0.0, "y_327": 0.0, "y_328": 0.0, "y_329": 37.547952, "y_33": 0.0, "y_330": -48.811136, "y_331": -52.580152, "y_332": -52.580152, "y_333": 0.0, "y_334": 0.0, "y_335": 0.0, "y_336": 0.0, "y_337": 0.0, "y_338": 0.0, "y_339": 73.540378, "y_34": 0.0, "y_340": -111.9412, "y_341": 111.9412, "y_342": 111.9412, "y_343": 17.656797, "y_344": 0.0, "y_345": 0.0, "y_346": 0.0, "y_347": 0.0, "y_348": 0.0, "y_349": 160.76546, "y_35": 0.0, "y_350": 0.0, "y_351": 0.0, "y_352": 0.0, "y_353": 0.0, "y_354": 0.0, "y_355": 0.0, "y_356": 88.633519, "y_357": -0.359984, "y_358": 0.0, "y_359": -251.87364, "y_36": 45.117354, "y_37": 13.451167, "y_38": 0.0, "y_39": 13.451167, "y_4": -2.4969257, "y_40": 0.0, "y_41": 5.125781, "y_42": 5.125781, "y_43": 0.0, "y_44": 38.03121, "y_45": 0.0, "y_46": 22.728217, "y_47": 0.0, "y_48": 0.0, "y_49": 0.0, "y_5": 0.288029, "y_50": 0.0, "y_51": 0.0, "y_52": 63.116983, "y_53": 0.0, "y_54": 0.0, "y_55": 0.0, "y_56": 0.0, "y_57": 18.843714, "y_58": 214.8281, "y_59": 0.0, "y_6": 0.0, "y_60": 0.0, "y_61": 0.0, "y_62": 0.0, "y_63": 0.0, "y_64": 0.0, "y_65": 0.0, "y_66": 0.0, "y_67": 0.0, "y_68": 56.244933, "y_69": 56.244933, "y_7": 0.74866115, "y_70": 0.0, "y_71": 0.0, "y_72": 0.0, "y_73": -531.30094, "y_74": 580.70131, "y_75": 49.400374, "y_76": 42.394623, "y_77": 0.0, "y_78": 0.0, "y_79": 0.0, "y_8": 0.0, "y_80": 103.8686, "y_81": 0.0, "y_82": 0.0, "y_83": 0.0, "y_84": 0.0, "y_85": 0.0, "y_86": 0.0, "y_87": -165.86771, "y_88": 516.82477, "y_89": 0.0, "y_9": 0.74866584, "y_90": -114.53287, "y_91": -36.323934, "y_92": 0.0, "y_93": 0.0, "y_94": -72.647869, "y_95": 0.0, "y_96": 0.0, "y_97": 0.0, "y_98": 0.0, "y_99": -154.57431}