{"utilization": 0.20982087, "y_0": -8.069522, "y_1": 0.0, "y_10": 0.0, "y_100": 0.0, "y_101": 0.0, "y_102": 0.0, "y_103": 0.0, "y_104": 7.9982455, "y_105": 0.0, "y_106": 0.0, "y_107": 5.612232, "y_108": 5.612232, "y_109": -8.055336, "y_11": 2.407989, "y_110": 0.0, "y_111": 0.0, "y_112": 0.0, "y_113": 0.0, "y_114": -13.089061, "y_115": 0.0, "y_116": 0.0, "y_117": 15.077867, "y_118": 0.0, "y_119": 0.0, "y_12": 2.407989, "y_120": 0.0, "y_121": -0.068787, "y_122": 0.0, "y_123": -0.068787, "y_124": 0.068787, "y_125": 0.0, "y_126": 0.0, "y_127": 0.0, "y_128": 0.0, "y_129": 0.0, "y_13": 0.0, "y_130": -63.653562, "y_131": 0.0, "y_132": 0.0, "y_133": 0.0, "y_134": 0.0, "y_135": 0.0, "y_136": 1.489107, "y_137": 0.0, "y_138": 0.0, "y_139": 0.0, "y_14": 0.0, "y_140": 0.0, "y_141": -10.36156, "y_142": 0.0, "y_143": 0.397331, "y_144": 0.0, "y_145": 0.0, "y_146": -20.184905, "y_147": 0.0, "y_148": 61.201348, "y_149": 0.0, "y_15": 0.0, "y_150": 0.511261, "y_151": 0.0, "y_152": 0.0, "y_153": 0.0, "y_154": 0.0, "y_155": 0.0, "y_156": 16.052085, "y_157": -102.94672, "y_158": 94.417531, "y_159": -8.529192, "y_16": 0.0, "y_160": 0.0, "y_161": 0.0, "y_162": 0.0, "y_163": -146.18624, "y_164": 0.0, "y_165": 0.0, "y_166": -46.220619, "y_167": -46.220619, "y_168": 0.0, "y_169": 39.722264, "y_17": 0.0, "y_170": 0.0, "y_171": 0.0, "y_172": 0.0, "y_173": 0.0, "y_174": 0.0, "y_175": 0.0, "y_176": 0.0, "y_177": 0.0, "y_178": 138.81744, "y_179": 0.0, "y_18": 7.71169, "y_180": 0.0, "y_181": 1.526329, "y_182": 0.0, "y_183": 0.0, "y_184": 3.052658, "y_185": -32.906002, "y_186": 0.0, "y_187": 0.0, "y_188": 0.0, "y_189": -4.94, "y_19": 0.0, "y_190": 0.0, "y_191": 0.0, "y_192": 0.0, "y_193": 0.0, "y_194": -60.075066, "y_195": 0.0, "y_196": 0.0, "y_197": -2.596581, "y_198": -95.449626, "y_199": 0.0, "y_2": 0.0, "y_20": 0.0, "y_200": 0.0, "y_201": 18.53484, "y_202": 0.0, "y_203": -30.3282, "y_204": 30.766323, "y_205": 0.0, "y_206": 0.0, "y_207": 0.0, "y_208": 0.0, "y_209": 0.0, "y_21": 0.0, "y_210": 0.0, "y_211": 0.0, "y_212": 0.0, "y_213": 0.0, "y_214": 0.0, "y_215": 0.0, "y_216": 0.0, "y_217": 0.0, "y_218": -92.548698, "y_219": 0.0, "y_22": 7.936189, "y_220": -204.08084, "y_221": 0.0, "y_222": 0.0, "y_223": 33.345309, "y_224": 0.0, "y_225": 0.0, "y_226": 0.0, "y_227": -414.05708, "y_228": 0.0, "y_229": 0.0, "y_23": 0.0, "y_230": 0.0, "y_231": 0.0, "y_232": 0.0, "y_233": 0.0, "y_234": 317.36263, "y_235": -28.478485, "y_236": 0.0, "y_237": 0.0, "y_238": 159.1457, "y_239": -81.716645, "y_24": 0.0, "y_240": -233.8464, "y_241": -75.410281, "y_242": 0.0, "y_243": -150.82056, "y_244": 0.0, "y_245": 0.0, "y_246": 0.0, "y_247": 0.0, "y_248": 0.0, "y_249": 0.0, "y_25": 0.0, "y_250": 0.0, "y_251": 0.0, "y_252": 0.0, "y_253": 0.0, "y_254": 0.0, "y_255": -58.630901, "y_256": -23.466976, "y_257": 0.0, "y_258": 0.0, "y_259": 0.0, "y_26": 1.087957, "y_260": 0.0, "y_261": -146.7234, "y_262": 0.0, "y_263": 0.0, "y_264": 0.0, "y_265": 0.0, "y_266": 0.0, "y_267": 0.0, "y_268": 0.0, "y_269": 112.16158, "y_27": 0.0, "y_270": 0.0, "y_271": 0.978139, "y_272": 0.0, "y_273": 0.0, "y_274": 0.0, "y_275": 0.0, "y_276": 0.0, "y_277": 0.0, "y_278": 0.0, "y_279": 0.0, "y_28": 0.0, "y_280": 0.0, "y_281": 0.0, "y_282": 0.0, "y_283": 0.0, "y_284": 3.1211893, "y_285": 0.0, "y_286": 0.0, "y_287": 0.0, "y_288": 1.3368775, "y_289": -1.146339, "y_29": 0.0, "y_290": 0.0, "y_291": 0.0, "y_292": 0.0, "y_293": 0.0, "y_294": 0.0, "y_295": 0.0, "y_296": -12.92592, "y_297": 53.243798, "y_298": 0.0, "y_299": 0.0, "y_3": -8.016189, "y_30": 0.0, "y_300": 0.220563, "y_301": 0.0, "y_302": 0.0, "y_303": 0.0, "y_304": 0.0, "y_305": 0.0, "y_306": 0.0, "y_307": 7.219716, "y_308": 0.0, "y_309": 0.0, "y_31": -0.08, "y_310": -105.10305, "y_311": 0.0, "y_312": 0.0, "y_313": 64.251368, "y_314": -10.725955, "y_315": -74.977323, "y_316": 0.0, "y_317": 0.0, "y_318": -32.426081, "y_319": -109.60288, "y_32": 0.0, "y_320": 0.0, "y_321": 0.0, "y_322": 0.0, "y_323": 0.0, "y_324": -131.90377, "y_325": 0.0, "y_326": 0.0, "y_327": -196.9456, "y_328": 35.84672, "y_329": 0.0, "y_33": 0.0, "y_330": 0.0, "y_331": -1.664499, "y_332": -1.664499, "y_333": -79.134883, "y_334": 0.0, "y_335": 0.0, "y_336": 0.0, "y_337": 0.0, "y_338": 0.0, "y_339": 30.68894, "y_34": 0.0, "y_340": -60.309659, "y_341": 60.309659, "y_342": 0.06872, "y_343": 0.0, "y_344": 0.0, "y_345": -67.973552, "y_346": 0.0, "y_347": 0.0, "y_348": 0.0, "y_349": 0.0, "y_35": 166.61512, "y_350": 0.0, "y_351": -212.57741, "y_352": 0.0, "y_353": 0.0, "y_354": 0.0, "y_355": 0.0, "y_356": 0.0, "y_357": -0.338843, "y_358": 0.0, "y_359": -262.09931, "y_36": 0.0, "y_37": 0.0, "y_38": 0.0, "y_39": 0.0, "y_4": -8.016189, "y_40": 0.0, "y_41": 3.024101, "y_42": 3.024101, "y_43": 174.77089, "y_44": 0.0, "y_45": 0.0, "y_46": 0.0, "y_47": 0.0, "y_48": 0.0, "y_49": 0.0, "y_5": 0.0, "y_50": 0.0, "y_51": 0.0, "y_52": 0.0, "y_53": 0.0, "y_54": -9.025024, "y_55": 0.0, "y_56": -4.584445, "y_57": -9.438013, "y_58": 0.0, "y_59": 0.0, "y_6": 6.110325, "y_60": 0.0, "y_61": 0.0, "y_62": 0.0, "y_63": 0.0, "y_64": 0.0, "y_65": 0.0, "y_66": 0.0, "y_67": 0.0, "y_68": 0.0, "y_69": -219.37842, "y_7": 0.0, "y_70": 0.0, "y_71": 0.0, "y_72": 0.0, "y_73": -1704.0916, "y_74": 644.50821, "y_75": -1059.5834, "y_76": -506.75812, "y_77": 0.0, "y_78": -2227.327, "y_79": 0.0, "y_8": 0.95504, "y_80": 0.0, "y_81": 0.0, "y_82": 77.108917, "y_83": 0.0, "y_84": -151.79315, "y_85": 0.0, "y_86": 0.0, "y_87": -155.31638, "y_88": 1686.4119, "y_89": 0.0, "y_9": 0.95504, "y_90": 0.0, "y_91": 1.8400143, "y_92": 0.0, "y_93": 0.0, "y_94": 0.0, "y_95": 0.0, "y_96": -34.185827, "y_97": 0.0, "y_98": -139.13917, "y_99": 0.0}