{"utilization": 0.076126001, "y_0": 0.0, "y_1": 8.702952, "y_10": 0.0, "y_100": 0.0, "y_101": 141.52296, "y_102": 0.0, "y_103": 0.0, "y_104": 111.87942, "y_105": 0.0, "y_106": 0.0, "y_107": 0.0, "y_108": 0.0, "y_109": 21.523563, "y_11": 0.0, "y_110": 0.0, "y_111": 0.0, "y_112": 0.0, "y_113": 0.0, "y_114": 8.80688, "y_115": 0.0, "y_116": 0.0, "y_117": 6.112013, "y_118": 0.0, "y_119": 49.865304, "y_12": 0.0, "y_120": 44.059006, "y_121": 0.0, "y_122": 0.0, "y_123": 0.0, "y_124": 0.0, "y_125": 0.0, "y_126": 0.0, "y_127": 0.0, "y_128": 0.0, "y_129": 35.378048, "y_13": -3.454841, "y_130": -93.181275, "y_131": 0.0, "y_132": 0.0, "y_133": 11.633213, "y_134": 0.0, "y_135": 0.0, "y_136": 0.0, "y_137": 0.0, "y_138": 4.856893, "y_139": 0.0, "y_14": 0.0, "y_140": 8.222981, "y_141": 0.0, "y_142": 18.0482, "y_143": 8.793765, "y_144": 0.0, "y_145": 0.0, "y_146": 41.197936, "y_147": 0.0, "y_148": 35.605672, "y_149": 0.0, "y_15": 4.449498, "y_150": 0.0, "y_151": 6.5592368e-13, "y_152": 0.0, "y_153": 0.0, "y_154": 0.0, "y_155": 0.0, "y_156": 0.0, "y_157": 75.118715, "y_158": 0.0, "y_159": 75.118715, "y_16": -1.364251, "y_160": 0.0, "y_161": -88.134523, "y_162": 0.0, "y_163": -201.75944, "y_164": 0.0, "y_165": 0.0, "y_166": 0.0, "y_167": 0.0, "y_168": 0.0, "y_169": 0.0, "y_17": 5.775762, "y_170": 21.283915, "y_171": 0.0, "y_172": 0.0, "y_173": 23.807875, "y_174": 0.0, "y_175": 0.0, "y_176": 88.901075, "y_177": 0.0, "y_178": 189.10153, "y_179": 0.0, "y_18": 0.0, "y_180": 0.0, "y_181": 7.219763, "y_182": 0.0, "y_183": 0.0, "y_184": 0.0, "y_185": 0.0, "y_186": 0.0, "y_187": 0.0, "y_188": 0.0, "y_189": -9.428365, "y_19": 1.484819, "y_190": 0.0, "y_191": 0.0, "y_192": 0.0, "y_193": 0.0, "y_194": -103.70227, "y_195": 0.0, "y_196": 0.0, "y_197": 0.0, "y_198": -116.04886, "y_199": -3.839957, "y_2": -8.702952, "y_20": 0.0, "y_200": 0.0, "y_201": 91.153727, "y_202": 0.0, "y_203": -34.468445, "y_204": 35.525184, "y_205": 0.0, "y_206": 0.0, "y_207": 0.0, "y_208": 0.0, "y_209": 74.586674, "y_21": 0.0, "y_210": 0.0, "y_211": -0.756752, "y_212": 0.0, "y_213": -0.756752, "y_214": -0.756752, "y_215": 0.0, "y_216": 0.0, "y_217": 0.0, "y_218": 0.0, "y_219": 0.0, "y_22": 0.0, "y_220": -378.7197, "y_221": 0.0, "y_222": 0.0, "y_223": 0.0, "y_224": 0.0, "y_225": 0.0, "y_226": 97.665789, "y_227": 0.0, "y_228": -88.265837, "y_229": -385.32765, "y_23": 0.0, "y_230": 0.0, "y_231": -209.55833, "y_232": 0.0, "y_233": 0.0, "y_234": 0.0, "y_235": 19.276699, "y_236": 0.0, "y_237": 0.0, "y_238": 365.59589, "y_239": -289.32969, "y_24": 0.0, "y_240": 0.0, "y_241": -1.811704, "y_242": 0.0, "y_243": -152.39254, "y_244": 148.76913, "y_245": 128.00619, "y_246": 0.0, "y_247": 0.0, "y_248": 0.0, "y_249": 15.147737, "y_25": 0.0, "y_250": 12.451435, "y_251": 0.0, "y_252": 0.0, "y_253": -26.79763, "y_254": 121.59772, "y_255": 0.0, "y_256": 5.3278985, "y_257": 0.0, "y_258": 0.0, "y_259": 0.0, "y_26": 0.0, "y_260": 0.0, "y_261": 0.0, "y_262": 0.0, "y_263": 0.0, "y_264": 0.0, "y_265": 0.0, "y_266": 0.0, "y_267": 0.0, "y_268": 0.0, "y_269": 298.84342, "y_27": 0.0, "y_270": 0.0, "y_271": 1.6685237, "y_272": 0.0, "y_273": 0.0, "y_274": 0.0, "y_275": 35.602411, "y_276": 0.0, "y_277": 0.0, "y_278": 0.0, "y_279": 0.0, "y_28": -6.435618, "y_280": 0.0, "y_281": 9.463653, "y_282": 0.0, "y_283": 0.0, "y_284": 32.27972, "y_285": 32.27972, "y_286": 32.687505, "y_287": 0.0, "y_288": 22.187277, "y_289": 6.982749, "y_29": -1.989891, "y_290": 0.0, "y_291": 0.0, "y_292": 0.0, "y_293": 0.0, "y_294": 0.0, "y_295": 0.0, "y_296": -45.029177, "y_297": 56.829614, "y_298": 2.04184, "y_299": 0.0, "y_3": 0.0, "y_30": 0.0, "y_300": 0.0, "y_301": 102.46236, "y_302": 241.21025, "y_303": 0.0, "y_304": -36.285528, "y_305": 9.606411, "y_306": 0.0, "y_307": 4.9876455, "y_308": 0.0, "y_309": 0.0, "y_31": 0.0, "y_310": 301.75188, "y_311": -56.361347, "y_312": 0.0, "y_313": 0.0, "y_314": 0.0, "y_315": 0.0, "y_316": 0.0, "y_317": 0.0, "y_318": -22.238539, "y_319": 0.0, "y_32": 0.0, "y_320": 0.0, "y_321": 0.0, "y_322": 0.0, "y_323": 0.0, "y_324": -147.85093, "y_325": 0.0, "y_326": 0.0, "y_327": -226.03639, "y_328": 0.0, "y_329": 0.0, "y_33": 0.0, "y_330": 0.0, "y_331": -47.822389, "y_332": -47.822389, "y_333": -207.299, "y_334": 0.0, "y_335": 2.665656, "y_336": 0.0, "y_337": 0.0, "y_338": 0.0, "y_339": 0.0, "y_34": 0.0, "y_340": 44.942576, "y_341": -44.942576, "y_342": -44.942576, "y_343": -183.04416, "y_344": 0.0, "y_345": 0.0, "y_346": 0.0, "y_347": 0.0, "y_348": 0.0, "y_349": 0.0, "y_35": 0.0, "y_350": 0.0, "y_351": 0.0, "y_352": 0.0, "y_353": 0.0, "y_354": 0.0, "y_355": 0.0, "y_356": -55.127179, "y_357": -0.348792, "y_358": 0.0, "y_359": -251.23958, "y_36": 0.0, "y_37": 0.0, "y_38": 0.0, "y_39": 8.5883415, "y_4": -8.702952, "y_40": 0.0, "y_41": 0.0, "y_42": 0.0, "y_43": 0.0, "y_44": 0.0, "y_45": 0.0, "y_46": 12.354979, "y_47": -3.529643, "y_48": -4.868392, "y_49": 0.0, "y_5": 0.238864, "y_50": 0.0, "y_51": 0.0, "y_52": 0.0, "y_53": 0.0, "y_54": -16.597997, "y_55": 0.0, "y_56": 0.0, "y_57": -16.745496, "y_58": 166.28917, "y_59": 0.0, "y_6": 0.0, "y_60": 0.0, "y_61": 0.0, "y_62": 0.0, "y_63": 475.2577, "y_64": -169.87728, "y_65": 0.0, "y_66": 0.0, "y_67": 248.92951, "y_68": 0.0, "y_69": 248.92951, "y_7": -0.103816, "y_70": 0.0, "y_71": 0.0, "y_72": 0.0, "y_73": -17.448464, "y_74": 593.11535, "y_75": 575.66689, "y_76": 427.36497, "y_77": -143.79513, "y_78": 571.1601, "y_79": 119.40097, "y_8": 0.0, "y_80": 0.0, "y_81": 0.0, "y_82": 101.14949, "y_83": 0.0, "y_84": 0.0, "y_85": 0.0, "y_86": 0.0, "y_87": 301.20965, "y_88": 0.0, "y_89": 0.0, "y_9": -0.103816, "y_90": 0.0, "y_91": 1.7639493, "y_92": 117.19793, "y_93": 0.0, "y_94": 0.0, "y_95": 208.69919, "y_96": -86.812427, "y_97": -151.62441, "y_98": 0.0, "y_99": 0.0}