{"utilization": 0.09507822, "y_0": 0.0, "y_1": 4.947356, "y_10": 1.178581, "y_100": 0.0, "y_101": 0.0, "y_102": 0.0, "y_103": 0.0, "y_104": 0.0, "y_105": 0.0, "y_106": 0.0, "y_107": 0.0, "y_108": -163.32384, "y_109": 0.0, "y_11": -1.178581, "y_110": 0.0, "y_111": 0.0, "y_112": 0.0, "y_113": 0.0, "y_114": -11.991309, "y_115": 0.0, "y_116": 0.0, "y_117": 23.455003, "y_118": 0.0, "y_119": 41.929597, "y_12": -1.178581, "y_120": 0.0, "y_121": -31.315334, "y_122": 62.630669, "y_123": -31.315334, "y_124": -31.315334, "y_125": 0.0, "y_126": 0.0, "y_127": -3.314123, "y_128": 0.0, "y_129": -3.314123, "y_13": 0.0, "y_130": -33.947041, "y_131": 0.0, "y_132": 0.0, "y_133": 0.0, "y_134": 0.0, "y_135": 0.0, "y_136": 0.0, "y_137": 0.0, "y_138": 0.0, "y_139": 0.0, "y_14": 0.0, "y_140": 0.0, "y_141": -7.49532, "y_142": 0.0, "y_143": -31.164419, "y_144": 0.0, "y_145": 0.0, "y_146": 0.0, "y_147": 0.0, "y_148": 0.0, "y_149": -31.122443, "y_15": -5.917124, "y_150": 0.572357, "y_151": 0.0, "y_152": 0.0, "y_153": 0.0, "y_154": 0.0, "y_155": 0.0, "y_156": 0.0, "y_157": -39.936551, "y_158": 0.0, "y_159": -39.936551, "y_16": 0.0, "y_160": 0.0, "y_161": -188.3156, "y_162": 0.0, "y_163": -163.31847, "y_164": 0.0, "y_165": 0.0, "y_166": -106.58276, "y_167": -193.95916, "y_168": 0.0, "y_169": 0.0, "y_17": -3.269573, "y_170": 20.260941, "y_171": 0.0, "y_172": 0.0, "y_173": 0.0, "y_174": 0.0, "y_175": 30.519482, "y_176": 0.0, "y_177": 0.0, "y_178": 148.78356, "y_179": -24.405144, "y_18": 0.0, "y_180": 0.0, "y_181": 7.1647859e-13, "y_182": 0.0, "y_183": 0.0, "y_184": 0.0, "y_185": 0.0, "y_186": 0.0, "y_187": 0.0, "y_188": 0.0, "y_189": -6.524352, "y_19": 0.0, "y_190": 0.0, "y_191": 0.0, "y_192": 0.0, "y_193": 0.0, "y_194": -102.76771, "y_195": 0.0, "y_196": 0.0, "y_197": 0.0, "y_198": -116.03798, "y_199": 0.0, "y_2": 1.216485, "y_20": 0.0, "y_200": 0.0, "y_201": 91.960181, "y_202": 0.0, "y_203": -34.567581, "y_204": -6.591616, "y_205": 0.0, "y_206": 0.0, "y_207": 0.0, "y_208": -4.33292, "y_209": 70.78529, "y_21": 0.0, "y_210": 1.331888, "y_211": 0.0, "y_212": 0.0, "y_213": 0.0, "y_214": 0.0, "y_215": 0.0, "y_216": 0.0, "y_217": 226.19776, "y_218": 0.0, "y_219": -216.20243, "y_22": 0.0, "y_220": -142.42906, "y_221": -142.42906, "y_222": 0.0, "y_223": 128.84262, "y_224": 0.0, "y_225": 0.0, "y_226": 0.0, "y_227": 0.0, "y_228": 95.433467, "y_229": -383.60448, "y_23": 0.0, "y_230": 0.0, "y_231": 0.0, "y_232": 0.0, "y_233": 0.0, "y_234": 18.093168, "y_235": 18.093168, "y_236": 0.0, "y_237": 0.0, "y_238": 0.0, "y_239": 0.0, "y_24": 0.0, "y_240": 0.451008, "y_241": 0.0, "y_242": 129.95694, "y_243": 0.0, "y_244": 0.0, "y_245": 3.285864, "y_246": 0.0, "y_247": -90.6208, "y_248": 0.0, "y_249": 111.26472, "y_25": 0.0, "y_250": 136.56814, "y_251": 0.0, "y_252": 0.0, "y_253": 0.0, "y_254": 0.0, "y_255": 0.0, "y_256": -39.708072, "y_257": 0.0, "y_258": -39.708072, "y_259": 0.0, "y_26": 0.0, "y_260": 0.0, "y_261": 0.0, "y_262": 0.0, "y_263": 42.080299, "y_264": -39.804787, "y_265": 0.0, "y_266": 0.0, "y_267": 0.0, "y_268": -143.4799, "y_269": 271.47268, "y_27": 0.0, "y_270": 0.0, "y_271": 1.12534, "y_272": 0.0, "y_273": 0.0, "y_274": 0.0, "y_275": 0.0, "y_276": 0.0, "y_277": 0.0, "y_278": 0.0, "y_279": 0.0, "y_28": 0.0, "y_280": 0.0, "y_281": -20.548643, "y_282": -7.760453, "y_283": 0.0, "y_284": 0.0, "y_285": 0.0, "y_286": 0.0, "y_287": -29.455059, "y_288": -8.754331, "y_289": 0.0, "y_29": 0.0, "y_290": 0.0, "y_291": 0.0, "y_292": 0.0, "y_293": 0.0, "y_294": 0.0, "y_295": 0.0, "y_296": 0.0, "y_297": 60.938449, "y_298": 0.0, "y_299": 0.0, "y_3": -6.163841, "y_30": 175.55166, "y_300": 0.08, "y_301": 0.0, "y_302": -33.996717, "y_303": -12.551283, "y_304": 46.548, "y_305": 0.0, "y_306": 0.0, "y_307": -205.21489, "y_308": 0.0, "y_309": 0.0, "y_31": 0.0, "y_310": 0.0, "y_311": 0.0, "y_312": 0.0, "y_313": -123.29339, "y_314": 0.0, "y_315": 201.73828, "y_316": 0.0, "y_317": 0.0, "y_318": 0.0, "y_319": 29.728253, "y_32": 0.0, "y_320": 0.0, "y_321": 0.0, "y_322": 0.0, "y_323": 0.0, "y_324": 0.0, "y_325": 0.0, "y_326": -215.38254, "y_327": 0.0, "y_328": 117.79016, "y_329": -37.653496, "y_33": 0.0, "y_330": 197.39311, "y_331": 0.0, "y_332": 0.0, "y_333": 0.0, "y_334": 0.0, "y_335": 0.0, "y_336": 0.0, "y_337": -38.779648, "y_338": 0.0, "y_339": -38.779648, "y_34": 0.0, "y_340": 0.0, "y_341": 2.605352, "y_342": 0.0, "y_343": 0.0, "y_344": 0.0, "y_345": 0.0, "y_346": 0.0, "y_347": 0.0, "y_348": -30.079176, "y_349": 0.0, "y_35": 0.0, "y_350": 0.0, "y_351": 41.732597, "y_352": 0.0, "y_353": 0.25228, "y_354": 0.0, "y_355": 0.0, "y_356": -134.33584, "y_357": 0.0, "y_358": -263.6022, "y_359": 0.0, "y_36": 8.034232, "y_37": -5.961992, "y_38": 0.0, "y_39": -5.961992, "y_4": 1.216485, "y_40": 0.0, "y_41": 2.811293, "y_42": 0.0, "y_43": 0.0, "y_44": 0.0, "y_45": 0.0, "y_46": 0.0, "y_47": 0.0, "y_48": 0.0, "y_49": 0.0, "y_5": 0.0, "y_50": 0.0, "y_51": 0.0, "y_52": 0.0, "y_53": -15.086149, "y_54": 0.0, "y_55": 0.0, "y_56": 0.0, "y_57": 0.0, "y_58": 0.0, "y_59": -25.081219, "y_6": 0.0, "y_60": 567.79592, "y_61": 0.0, "y_62": 0.0, "y_63": 0.0, "y_64": 0.0, "y_65": 0.0, "y_66": 0.0, "y_67": 0.0, "y_68": 62.019623, "y_69": 62.019623, "y_7": 3.640201, "y_70": 0.0, "y_71": 0.0, "y_72": 0.0, "y_73": -581.91342, "y_74": 638.74336, "y_75": 56.829934, "y_76": 50.221736, "y_77": 0.0, "y_78": 0.0, "y_79": 0.0, "y_8": 0.0, "y_80": 0.0, "y_81": 0.0, "y_82": 0.0, "y_83": 0.0, "y_84": -126.37949, "y_85": 0.0, "y_86": 0.0, "y_87": -191.00672, "y_88": 0.0, "y_89": 0.0, "y_9": 0.3797385, "y_90": 0.0, "y_91": 1.8623857, "y_92": 0.0, "y_93": 139.19838, "y_94": 0.0, "y_95": 0.0, "y_96": -80.57437, "y_97": -174.25071, "y_98": 0.0, "y_99": 0.0}