{"utilization": 0.06447247, "y_0": 0.0, "y_1": 5.486322, "y_10": -3.408352, "y_100": 0.0, "y_101": 0.0, "y_102": 0.0, "y_103": 0.0, "y_104": 7.5058575, "y_105": 7.5058575, "y_106": 0.0, "y_107": -170.51435, "y_108": 0.0, "y_109": 0.0, "y_11": 3.408352, "y_110": 0.0, "y_111": 0.0, "y_112": 0.0, "y_113": 0.0, "y_114": -10.439557, "y_115": 0.0, "y_116": 0.0, "y_117": 0.0, "y_118": 0.0, "y_119": 56.134925, "y_12": 3.408352, "y_120": 0.0, "y_121": -0.301285, "y_122": 0.0, "y_123": -0.301285, "y_124": -0.301285, "y_125": 64.14268, "y_126": 0.0, "y_127": 24.742, "y_128": 0.0, "y_129": 24.742, "y_13": 1.245056, "y_130": -6.837058, "y_131": -99.17371, "y_132": 0.0, "y_133": 0.0, "y_134": 0.0, "y_135": 70.329699, "y_136": 0.0, "y_137": 0.0, "y_138": 0.0, "y_139": 0.0, "y_14": 0.0, "y_140": 0.0, "y_141": 0.0, "y_142": 0.0, "y_143": 0.0, "y_144": 0.0, "y_145": 0.0, "y_146": 29.080784, "y_147": 0.0, "y_148": 0.0, "y_149": -35.502483, "y_15": 0.0, "y_150": 216.95334, "y_151": 0.0, "y_152": 0.0, "y_153": 0.0, "y_154": 0.0, "y_155": 0.0, "y_156": 19.947147, "y_157": 113.15246, "y_158": -1.529461, "y_159": 111.623, "y_16": 0.0, "y_160": 0.0, "y_161": 0.0, "y_162": 0.0, "y_163": -236.20208, "y_164": 0.0, "y_165": 0.0, "y_166": 65.042011, "y_167": 0.0, "y_168": 0.0, "y_169": -8.242704, "y_17": 0.0, "y_170": 0.0, "y_171": 0.0, "y_172": 0.0, "y_173": 0.0, "y_174": 0.0, "y_175": 0.0, "y_176": 130.37286, "y_177": 0.0, "y_178": 0.0, "y_179": -57.615726, "y_18": 0.0, "y_180": 0.116749, "y_181": 9.1576092e-13, "y_182": 0.0, "y_183": 0.0, "y_184": 0.0, "y_185": 224.18061, "y_186": 0.0, "y_187": 0.0, "y_188": 0.0, "y_189": 25.174611, "y_19": 8.74837, "y_190": 0.0, "y_191": 0.0, "y_192": 0.0, "y_193": 0.0, "y_194": 117.5289, "y_195": 117.5289, "y_196": 0.0, "y_197": 0.0, "y_198": 0.0, "y_199": 0.0, "y_2": -5.486322, "y_20": 0.0, "y_200": 0.0, "y_201": 93.634794, "y_202": 0.0, "y_203": 0.0, "y_204": -11.655685, "y_205": 0.0, "y_206": 32.074867, "y_207": 0.0, "y_208": -8.438496, "y_209": 73.891871, "y_21": 0.0, "y_210": 0.0, "y_211": 0.0, "y_212": 0.0, "y_213": 0.0, "y_214": 0.0, "y_215": 0.0, "y_216": 0.0, "y_217": 10.527035, "y_218": 0.0, "y_219": 0.0, "y_22": 0.0, "y_220": -87.132775, "y_221": 0.0, "y_222": 0.0, "y_223": 0.0, "y_224": 0.0, "y_225": 0.0, "y_226": 0.0, "y_227": -274.46638, "y_228": 0.0, "y_229": 0.0, "y_23": 0.0, "y_230": 0.0, "y_231": -33.838091, "y_232": 0.0, "y_233": 0.0, "y_234": 394.68549, "y_235": -354.46288, "y_236": 0.0, "y_237": 0.0, "y_238": 65.599128, "y_239": 0.0, "y_24": 4.782661, "y_240": 0.0, "y_241": 12.228523, "y_242": 0.0, "y_243": 24.457045, "y_244": 0.0, "y_245": -137.80689, "y_246": 0.0, "y_247": 0.0, "y_248": 0.0, "y_249": 0.0, "y_25": 0.0, "y_250": 20.122672, "y_251": 0.0, "y_252": 0.0, "y_253": 0.0, "y_254": -143.13137, "y_255": -53.057807, "y_256": -20.905733, "y_257": 0.0, "y_258": -20.905733, "y_259": 0.0, "y_26": 0.85544, "y_260": 0.0, "y_261": 0.0, "y_262": 0.0, "y_263": 0.0, "y_264": 0.0, "y_265": 0.0, "y_266": 0.0, "y_267": -2.60004, "y_268": 0.0, "y_269": 351.16503, "y_27": 0.0, "y_270": 0.0, "y_271": -0.0001, "y_272": 0.0, "y_273": 0.0, "y_274": 0.0, "y_275": 0.0, "y_276": 0.0, "y_277": 19.426536, "y_278": 0.0, "y_279": 0.0, "y_28": -3.434487, "y_280": -40.796317, "y_281": 0.0, "y_282": 0.0, "y_283": 39.786352, "y_284": -3.739685, "y_285": -43.536429, "y_286": 0.0, "y_287": 0.0, "y_288": -10.997525, "y_289": -41.385616, "y_29": -1.802659, "y_290": 0.0, "y_291": 0.0, "y_292": 0.0, "y_293": 0.0, "y_294": -58.328821, "y_295": 0.0, "y_296": 9.356048, "y_297": 0.0, "y_298": 0.0, "y_299": 0.0, "y_3": 0.0, "y_30": 0.0, "y_300": 4.623998, "y_301": 4.483075, "y_302": 0.0, "y_303": 8.96615, "y_304": 0.0, "y_305": 0.0, "y_306": 0.0, "y_307": 4.9194615, "y_308": 0.0, "y_309": 0.0, "y_31": -0.058211, "y_310": 0.0, "y_311": 0.0, "y_312": 0.0, "y_313": 0.0, "y_314": 15.25849, "y_315": 0.0, "y_316": 0.0, "y_317": 0.0, "y_318": 4.5800228, "y_319": -131.35325, "y_32": 0.0, "y_320": 0.0, "y_321": 0.0, "y_322": 0.0, "y_323": 0.0, "y_324": -159.13856, "y_325": 0.0, "y_326": 0.0, "y_327": -242.36801, "y_328": 0.0, "y_329": -40.648184, "y_33": 0.0, "y_330": 0.0, "y_331": 0.0, "y_332": -214.0715, "y_333": 0.0, "y_334": 0.0, "y_335": 0.0, "y_336": 0.0, "y_337": -94.940912, "y_338": 161.26328, "y_339": 66.322368, "y_34": 0.0, "y_340": 0.0, "y_341": 0.0, "y_342": 0.0, "y_343": 0.0, "y_344": 0.0, "y_345": 88.096939, "y_346": 0.0, "y_347": 0.0, "y_348": 0.0, "y_349": 209.49402, "y_35": 179.41258, "y_350": 0.0, "y_351": 55.722352, "y_352": 0.0, "y_353": 0.0, "y_354": 161.51251, "y_355": 0.0, "y_356": 76.783701, "y_357": 0.0, "y_358": -258.32363, "y_359": 0.0, "y_36": 0.0, "y_37": 3.4260225, "y_38": 0.0, "y_39": 3.4260225, "y_4": -5.486322, "y_40": 0.0, "y_41": 0.0, "y_42": 0.0, "y_43": 210.43534, "y_44": 0.0, "y_45": 0.0, "y_46": 0.0, "y_47": -13.608669, "y_48": 22.183532, "y_49": 10.683976, "y_5": 0.0, "y_50": 0.0, "y_51": 157.15262, "y_52": 0.0, "y_53": 0.492509, "y_54": 0.0, "y_55": 0.0, "y_56": 0.0, "y_57": 0.0, "y_58": 0.0, "y_59": 128.36613, "y_6": 0.0, "y_60": 0.0, "y_61": 5.9629425e-13, "y_62": 0.0, "y_63": 0.0, "y_64": 0.0, "y_65": 0.0, "y_66": 0.0, "y_67": 0.0, "y_68": 0.0, "y_69": 65.499307, "y_7": 0.0, "y_70": 0.0, "y_71": 0.0, "y_72": 0.0, "y_73": -563.35977, "y_74": 646.14472, "y_75": 82.784943, "y_76": 58.336982, "y_77": 0.0, "y_78": 58.336982, "y_79": 0.0, "y_8": 0.608648, "y_80": 0.0, "y_81": 0.0, "y_82": 0.0, "y_83": 3.481763, "y_84": 0.0, "y_85": 0.0, "y_86": 0.0, "y_87": 0.0, "y_88": 541.58295, "y_89": 0.0, "y_9": 0.608648, "y_90": 0.0, "y_91": 2.110672, "y_92": 4.221344, "y_93": 0.0, "y_94": 0.0, "y_95": 0.0, "y_96": 16.810326, "y_97": -189.91995, "y_98": 0.0, "y_99": 0.0}