{"utilization": 0.10217571, "y_0": 0.0, "y_1": 6.300817, "y_10": -5.78355, "y_100": 0.0, "y_101": 157.4951, "y_102": 0.0, "y_103": 0.0, "y_104": 39.321738, "y_105": 0.0, "y_106": 0.0, "y_107": 0.0, "y_108": 0.0, "y_109": 31.2614, "y_11": 5.78355, "y_110": -18.040613, "y_111": 0.0, "y_112": 0.0, "y_113": 0.0, "y_114": 0.0, "y_115": 0.0, "y_116": 0.0, "y_117": 5.93448, "y_118": 0.0, "y_119": 0.0, "y_12": 2.501293, "y_120": 0.0, "y_121": 0.0, "y_122": 0.0, "y_123": 0.0, "y_124": 0.0, "y_125": 87.022859, "y_126": 0.0, "y_127": -5.395995, "y_128": 0.0, "y_129": 8.5452505, "y_13": 0.0, "y_130": -99.6554, "y_131": 0.0, "y_132": 0.0, "y_133": 93.29728, "y_134": 0.0, "y_135": 0.0, "y_136": 0.0, "y_137": 0.0, "y_138": 0.0, "y_139": 0.0, "y_14": 0.0, "y_140": 0.0, "y_141": 79.205262, "y_142": 0.0, "y_143": 0.0, "y_144": 0.0, "y_145": 0.0, "y_146": 0.0, "y_147": 0.0, "y_148": 0.0, "y_149": 0.0, "y_15": -5.86355, "y_150": 245.50373, "y_151": 0.0, "y_152": 0.0, "y_153": 0.0, "y_154": 0.0, "y_155": 0.0, "y_156": 0.0, "y_157": -451.75041, "y_158": 0.0, "y_159": -96.767933, "y_16": 0.0, "y_160": 0.0, "y_161": 0.0, "y_162": 0.0, "y_163": -263.91984, "y_164": 0.0, "y_165": 0.0, "y_166": -218.13623, "y_167": -218.13623, "y_168": 0.0, "y_169": 0.0, "y_17": 0.0, "y_170": 0.0, "y_171": 0.0, "y_172": 0.0, "y_173": 0.0, "y_174": -73.780592, "y_175": 0.0, "y_176": 0.0, "y_177": -77.997269, "y_178": 0.0, "y_179": 28.023557, "y_18": 0.0, "y_180": 0.115211, "y_181": 0.0, "y_182": 0.0, "y_183": 0.0, "y_184": 0.0, "y_185": 94.032649, "y_186": 0.0, "y_187": 0.0, "y_188": -7.17048, "y_189": -7.17048, "y_19": 0.0, "y_190": -22.429795, "y_191": 0.0, "y_192": 25.684886, "y_193": 0.0, "y_194": 0.0, "y_195": 0.0, "y_196": 0.0, "y_197": 0.0, "y_198": -104.64268, "y_199": 0.0, "y_2": 0.0, "y_20": 0.0, "y_200": 0.0, "y_201": 0.0, "y_202": 0.0, "y_203": -28.214832, "y_204": -34.227497, "y_205": 0.0, "y_206": 0.0, "y_207": 0.0, "y_208": 17.885896, "y_209": 0.0, "y_21": 0.0, "y_210": 0.424589, "y_211": 0.0, "y_212": 336.22321, "y_213": 90.377713, "y_214": 0.0, "y_215": 0.0, "y_216": 0.0, "y_217": 0.0, "y_218": -97.447929, "y_219": 0.0, "y_22": 0.0, "y_220": 0.0, "y_221": 0.0, "y_222": 0.0, "y_223": 0.0, "y_224": 164.97606, "y_225": 0.0, "y_226": 0.0, "y_227": 0.0, "y_228": 0.0, "y_229": -345.13733, "y_23": -0.747642, "y_230": 0.0, "y_231": 0.0, "y_232": 0.0, "y_233": 0.0, "y_234": 0.0, "y_235": -30.161115, "y_236": 0.0, "y_237": 0.0, "y_238": 70.819597, "y_239": 0.0, "y_24": 0.403585, "y_240": 0.0, "y_241": -0.466901, "y_242": 0.0, "y_243": 0.0, "y_244": 0.0, "y_245": 2.156299, "y_246": 0.0, "y_247": 0.0, "y_248": -22.241445, "y_249": -22.241445, "y_25": 0.0, "y_250": 0.0, "y_251": 0.0, "y_252": 0.0, "y_253": 129.62226, "y_254": 0.0, "y_255": -100.85972, "y_256": -44.226845, "y_257": -44.226845, "y_258": 0.0, "y_259": 0.0, "y_26": 0.0, "y_260": 0.0, "y_261": 0.0, "y_262": 0.0, "y_263": -19.723946, "y_264": 0.0, "y_265": 0.0, "y_266": 0.0, "y_267": 0.0, "y_268": -141.97097, "y_269": 321.46111, "y_27": 0.0, "y_270": 0.0, "y_271": 9.815986, "y_272": 0.0, "y_273": 10.166016, "y_274": 0.0, "y_275": 0.0, "y_276": 0.0, "y_277": 0.0, "y_278": 0.0, "y_279": -6.374536, "y_28": 5.487915, "y_280": 0.0, "y_281": 0.0, "y_282": 0.0, "y_283": 27.644429, "y_284": 0.0, "y_285": -27.644429, "y_286": -12.510909, "y_287": 0.0, "y_288": -12.510909, "y_289": 0.0, "y_29": -4.969014, "y_290": 0.0, "y_291": 0.0, "y_292": 0.0, "y_293": 0.0, "y_294": -53.063088, "y_295": 0.0, "y_296": 0.0, "y_297": 0.0, "y_298": 0.0, "y_299": 0.0, "y_3": -6.300817, "y_30": 0.0, "y_300": 0.0, "y_301": 2.256776, "y_302": 0.0, "y_303": 4.513552, "y_304": 0.0, "y_305": 0.0, "y_306": 0.0, "y_307": 206.58504, "y_308": 0.0, "y_309": 206.58504, "y_31": 0.0, "y_310": 0.0, "y_311": 600.11131, "y_312": 0.0, "y_313": 0.0, "y_314": 212.36473, "y_315": 0.0, "y_316": 405.56781, "y_317": 0.0, "y_318": 405.56781, "y_319": 0.0, "y_32": 0.0, "y_320": 0.0, "y_321": 0.0, "y_322": 0.0, "y_323": 0.0, "y_324": 0.0, "y_325": 0.0, "y_326": 0.0, "y_327": 0.0, "y_328": 0.0, "y_329": 0.0, "y_33": 0.0, "y_330": -52.070035, "y_331": -52.210376, "y_332": -52.210376, "y_333": 0.0, "y_334": 0.0, "y_335": -203.02768, "y_336": 0.0, "y_337": 0.0, "y_338": 0.0, "y_339": 0.0, "y_34": 0.0, "y_340": 0.0, "y_341": 0.0, "y_342": 0.0, "y_343": -104.81038, "y_344": 0.0, "y_345": 0.0, "y_346": 9.0382, "y_347": 0.0, "y_348": 0.0, "y_349": 49.42044, "y_35": 0.0, "y_350": 0.0, "y_351": -214.32164, "y_352": 0.0, "y_353": 0.0, "y_354": 0.0, "y_355": 0.0, "y_356": -57.186589, "y_357": 0.0, "y_358": 0.0, "y_359": -273.40114, "y_36": 0.0, "y_37": -6.946912, "y_38": 0.0, "y_39": -6.946912, "y_4": 0.0, "y_40": 0.0, "y_41": 3.586779, "y_42": 3.586779, "y_43": 191.32686, "y_44": 0.0, "y_45": 0.0, "y_46": 0.0, "y_47": 0.0, "y_48": 0.0, "y_49": 0.0, "y_5": 0.0, "y_50": 0.0, "y_51": -8.538453, "y_52": 0.0, "y_53": 0.0, "y_54": -14.952686, "y_55": 0.0, "y_56": -24.948397, "y_57": 0.0, "y_58": 0.0, "y_59": 106.39991, "y_6": 0.404293, "y_60": 0.0, "y_61": 549.53047, "y_62": 0.0, "y_63": 1099.0609, "y_64": 0.0, "y_65": 0.0, "y_66": 0.0, "y_67": 256.45178, "y_68": 0.0, "y_69": 256.45178, "y_7": 0.0, "y_70": 0.0, "y_71": 0.0, "y_72": 0.0, "y_73": 0.0, "y_74": 596.92054, "y_75": 596.92054, "y_76": 441.20113, "y_77": 0.0, "y_78": -2.385177e-13, "y_79": 0.0, "y_8": -0.344157, "y_80": 0.0, "y_81": 0.0, "y_82": 96.901163, "y_83": 0.0, "y_84": 0.0, "y_85": 0.0, "y_86": 0.0, "y_87": 0.0, "y_88": 1625.4742, "y_89": 0.0, "y_9": -0.344157, "y_90": 0.0, "y_91": 1.564897, "y_92": 0.0, "y_93": 0.0, "y_94": 0.0, "y_95": 51.392695, "y_96": 0.0, "y_97": -167.19041, "y_98": 0.0, "y_99": 0.0}