{"utilization": 0.017010626, "y_0": -8.444187, "y_1": 0.0, "y_10": 0.0, "y_100": 0.0, "y_101": 0.0, "y_102": 0.0, "y_103": 113.04957, "y_104": 113.04957, "y_105": 0.0, "y_106": 0.0, "y_107": 0.0, "y_108": 8.3257055, "y_109": 0.0, "y_11": -0.361171, "y_110": 0.0, "y_111": 0.0, "y_112": 33.066453, "y_113": 0.0, "y_114": -15.000419, "y_115": 0.0, "y_116": 0.0, "y_117": 0.0, "y_118": 73.162629, "y_119": 0.0, "y_12": -0.361171, "y_120": 0.0, "y_121": -0.201685, "y_122": 0.0, "y_123": -0.201685, "y_124": -0.201685, "y_125": 0.0, "y_126": 0.0, "y_127": 0.0, "y_128": 0.0, "y_129": 0.0, "y_13": 0.758373, "y_130": -116.34148, "y_131": 0.0, "y_132": 0.0, "y_133": 112.77183, "y_134": 0.0, "y_135": 0.0, "y_136": 3.546648, "y_137": 0.0, "y_138": 0.0, "y_139": 0.0, "y_14": 0.0, "y_140": 0.0, "y_141": -9.773003, "y_142": 0.0, "y_143": 0.707816, "y_144": 0.0, "y_145": 0.0, "y_146": -23.225381, "y_147": 0.0, "y_148": 0.0, "y_149": -33.951664, "y_15": 0.0, "y_150": 1.005336, "y_151": 1.1028519e-12, "y_152": 0.0, "y_153": 0.0, "y_154": 0.0, "y_155": 0.0, "y_156": -181.6834, "y_157": -23.354835, "y_158": -24.058171, "y_159": 73.931475, "y_16": 0.0, "y_160": 0.0, "y_161": 0.0, "y_162": 0.0, "y_163": 0.0, "y_164": -202.01618, "y_165": 0.0, "y_166": 0.0, "y_167": 0.0, "y_168": 0.0, "y_169": 0.0, "y_17": 0.0, "y_170": 22.298672, "y_171": 0.0, "y_172": 0.0, "y_173": 0.0, "y_174": 0.0, "y_175": 0.0, "y_176": 0.0, "y_177": 0.0, "y_178": -13.036328, "y_179": 48.302805, "y_18": 0.0, "y_180": 0.0, "y_181": 10.745639, "y_182": 0.0, "y_183": 0.0, "y_184": 0.0, "y_185": 0.0, "y_186": 0.0, "y_187": 0.0, "y_188": 0.0, "y_189": 105.27465, "y_19": 0.0, "y_190": 0.0, "y_191": 0.0, "y_192": 0.0, "y_193": 0.0, "y_194": 7.036812, "y_195": 0.0, "y_196": 0.0, "y_197": -129.02333, "y_198": 0.0, "y_199": 124.97177, "y_2": -2.587416, "y_20": 0.0, "y_200": 0.0, "y_201": -24.094185, "y_202": 0.0, "y_203": 0.0, "y_204": 114.72792, "y_205": 0.0, "y_206": 0.0, "y_207": 113.96257, "y_208": 27.459195, "y_209": 0.0, "y_21": 0.0, "y_210": 1.56204, "y_211": 0.0, "y_212": -283.49123, "y_213": 0.0, "y_214": 0.0, "y_215": 38.90116, "y_216": 0.0, "y_217": 0.0, "y_218": 0.0, "y_219": 0.0, "y_22": 5.817062, "y_220": -86.381225, "y_221": 0.0, "y_222": 0.0, "y_223": 66.930477, "y_224": 0.0, "y_225": 0.0, "y_226": 0.0, "y_227": 6.983168, "y_228": 0.0, "y_229": 0.0, "y_23": 0.0, "y_230": 0.0, "y_231": 0.0, "y_232": 0.0, "y_233": 0.0, "y_234": 440.59215, "y_235": -404.66491, "y_236": -371.57713, "y_237": 0.0, "y_238": 0.0, "y_239": 0.0, "y_24": 0.0, "y_240": 0.0, "y_241": 25.710308, "y_242": 0.0, "y_243": 0.0, "y_244": 0.0, "y_245": 3.95612, "y_246": 0.0, "y_247": 41.729828, "y_248": 0.0, "y_249": 41.729828, "y_25": 0.0, "y_250": 0.0, "y_251": 0.0, "y_252": 0.0, "y_253": 68.807564, "y_254": 0.0, "y_255": 68.807564, "y_256": 60.30348, "y_257": -48.430672, "y_258": 108.73415, "y_259": 39.542213, "y_26": 0.0, "y_260": 0.0, "y_261": 0.0, "y_262": 0.0, "y_263": 0.0, "y_264": 1.415824, "y_265": 0.0, "y_266": 0.0, "y_267": 0.0, "y_268": 0.0, "y_269": 270.67246, "y_27": 0.0, "y_270": 0.0, "y_271": 0.46008833, "y_272": 0.0, "y_273": 0.0, "y_274": 0.92017667, "y_275": 0.0, "y_276": 0.0, "y_277": 0.0, "y_278": 0.0, "y_279": 0.0, "y_28": 7.033153, "y_280": 0.0, "y_281": 0.0, "y_282": 0.0, "y_283": 0.0, "y_284": -4.264136, "y_285": -26.198463, "y_286": -11.757933, "y_287": 0.0, "y_288": -11.757933, "y_289": 9.455995, "y_29": 0.0, "y_290": 0.0, "y_291": 0.730179, "y_292": -3.0378937, "y_293": 0.0, "y_294": 0.0, "y_295": 0.0, "y_296": 0.0, "y_297": 54.555815, "y_298": 0.0, "y_299": 0.0, "y_3": 0.0, "y_30": 0.0, "y_300": 0.0, "y_301": 26.570678, "y_302": 0.0, "y_303": 0.0, "y_304": 0.0, "y_305": 0.0, "y_306": 0.0, "y_307": 10.006341, "y_308": 0.0, "y_309": 0.0, "y_31": -0.026667, "y_310": 0.0, "y_311": 0.0, "y_312": 0.0, "y_313": 0.0, "y_314": 10.17392, "y_315": 0.0, "y_316": 7.7712747, "y_317": 0.0, "y_318": 7.7712747, "y_319": 0.0, "y_32": 0.0, "y_320": 0.0, "y_321": 0.0, "y_322": 0.0, "y_323": 0.0, "y_324": -150.73748, "y_325": 0.0, "y_326": 0.0, "y_327": -228.91, "y_328": 74.12676, "y_329": -38.148136, "y_33": 0.0, "y_330": 46.896247, "y_331": 43.872082, "y_332": 43.872082, "y_333": 0.0, "y_334": 0.0, "y_335": 0.0, "y_336": 0.0, "y_337": 0.0, "y_338": 0.0, "y_339": 0.0, "y_34": 0.0, "y_340": 0.0, "y_341": 0.0, "y_342": 0.0, "y_343": 0.0, "y_344": 0.0, "y_345": 0.0, "y_346": 9.016544, "y_347": 0.0, "y_348": 0.0, "y_349": -46.942279, "y_35": 180.14736, "y_350": 0.0, "y_351": 0.0, "y_352": 0.0, "y_353": 0.392163, "y_354": 0.0, "y_355": 0.0, "y_356": -59.870496, "y_357": 0.0, "y_358": 0.0, "y_359": -247.27775, "y_36": 0.0, "y_37": -8.559984, "y_38": 0.0, "y_39": -6.638749, "y_4": 0.0, "y_40": 0.0, "y_41": 5.78164, "y_42": 0.0, "y_43": 188.62272, "y_44": 0.0, "y_45": 0.0, "y_46": 0.0, "y_47": 0.0, "y_48": 0.0, "y_49": 0.0, "y_5": 0.0, "y_50": 0.0, "y_51": 0.0, "y_52": 0.0, "y_53": -21.342296, "y_54": 21.600373, "y_55": 0.0, "y_56": 0.0, "y_57": 0.0, "y_58": 0.0, "y_59": -27.49976, "y_6": 4.028305, "y_60": -245.52721, "y_61": -246.08172, "y_62": 0.0, "y_63": -492.16343, "y_64": 0.0, "y_65": 0.0, "y_66": -280.19011, "y_67": 0.0, "y_68": 0.0, "y_69": -5.4621502, "y_7": 0.0, "y_70": 0.0, "y_71": 0.0, "y_72": 0.0, "y_73": -508.75418, "y_74": 309.66464, "y_75": -199.08955, "y_76": -82.257044, "y_77": -82.257044, "y_78": 0.0, "y_79": 52.03178, "y_8": -0.0001, "y_80": 0.0, "y_81": 0.0, "y_82": -181.93522, "y_83": 0.0, "y_84": 0.0, "y_85": 0.0, "y_86": 0.0, "y_87": -4.768045, "y_88": 0.0, "y_89": 0.0, "y_9": 0.413936, "y_90": 96.268148, "y_91": 95.896927, "y_92": 0.0, "y_93": 191.79385, "y_94": 0.0, "y_95": 0.0, "y_96": 0.0, "y_97": 0.0, "y_98": 0.0, "y_99": -165.26614}