{"utilization": 0.084687848, "y_0": 1.529073, "y_1": 8.881502, "y_10": -1.569269, "y_100": 0.0, "y_101": 0.0, "y_102": 0.0, "y_103": 0.0, "y_104": 9.981572, "y_105": 9.981572, "y_106": 0.0, "y_107": 21.044972, "y_108": 0.0, "y_109": 0.0, "y_11": 1.569269, "y_110": 0.0, "y_111": 0.0, "y_112": 0.0, "y_113": 0.0, "y_114": 0.0, "y_115": 0.0, "y_116": 0.0, "y_117": 0.0, "y_118": 0.0, "y_119": 0.0, "y_12": 1.569269, "y_120": 0.0, "y_121": 0.0, "y_122": 0.0, "y_123": 0.0, "y_124": 0.0, "y_125": 8.479403, "y_126": 0.0, "y_127": -18.838555, "y_128": 0.0, "y_129": -18.838555, "y_13": 0.0, "y_130": -99.959864, "y_131": 0.0, "y_132": 0.0, "y_133": 0.0, "y_134": 0.0, "y_135": 0.0, "y_136": 0.0, "y_137": 0.0, "y_138": -14.204286, "y_139": 0.0, "y_14": 0.0, "y_140": 5.830784, "y_141": 0.0, "y_142": 0.0, "y_143": 6.707296, "y_144": 0.0, "y_145": 0.0, "y_146": -69.913958, "y_147": 0.0, "y_148": 97.037067, "y_149": 0.0, "y_15": -7.889465, "y_150": 0.0, "y_151": 2.0577994e-13, "y_152": 0.0, "y_153": 0.0, "y_154": 0.0, "y_155": 0.0, "y_156": 15.498208, "y_157": -8.400269, "y_158": 0.0, "y_159": -8.400269, "y_16": 0.0, "y_160": 0.0, "y_161": 0.0, "y_162": 0.0, "y_163": -166.08477, "y_164": 0.0, "y_165": 0.0, "y_166": 0.0, "y_167": 0.0, "y_168": 0.0, "y_169": 0.0, "y_17": 0.0, "y_170": 0.0, "y_171": 0.0, "y_172": 0.0, "y_173": 0.571224, "y_174": 0.0, "y_175": 0.0, "y_176": -43.091887, "y_177": 0.0, "y_178": 152.1881, "y_179": 0.0, "y_18": 0.0, "y_180": 0.0, "y_181": -0.578344, "y_182": 0.0, "y_183": 0.0, "y_184": 0.0, "y_185": 36.587229, "y_186": 0.0, "y_187": 0.0, "y_188": 0.0, "y_189": 8.037172, "y_19": 0.0, "y_190": 0.0, "y_191": 0.0, "y_192": 0.0, "y_193": -29.663288, "y_194": 23.783725, "y_195": 0.0, "y_196": 0.0, "y_197": -109.61195, "y_198": 0.0, "y_199": 0.0, "y_2": 0.0, "y_20": 0.0, "y_200": 0.0, "y_201": 0.0, "y_202": 0.0, "y_203": 0.0, "y_204": 0.0, "y_205": 0.0, "y_206": 0.0, "y_207": 0.0, "y_208": 23.152576, "y_209": 0.0, "y_21": 0.0, "y_210": 16.330127, "y_211": 14.643495, "y_212": -29.286991, "y_213": 14.643496, "y_214": 14.643496, "y_215": 0.0, "y_216": 0.0, "y_217": 8.495619, "y_218": 0.0, "y_219": 0.0, "y_22": 0.0, "y_220": -12.540065, "y_221": 0.0, "y_222": 0.0, "y_223": 0.0, "y_224": 92.84349, "y_225": 0.0, "y_226": 0.0, "y_227": 0.0, "y_228": 0.0, "y_229": 0.0, "y_23": -1.192213, "y_230": 0.0, "y_231": 0.0, "y_232": 0.0, "y_233": 0.0, "y_234": 352.06531, "y_235": -317.94119, "y_236": 0.0, "y_237": 0.0, "y_238": 0.0, "y_239": 0.0, "y_24": 0.0, "y_240": 0.0, "y_241": 281.33011, "y_242": 0.0, "y_243": -275.48097, "y_244": 0.0, "y_245": 0.0, "y_246": 0.0, "y_247": 0.0, "y_248": 0.0, "y_249": -17.356317, "y_25": 0.0, "y_250": 0.0, "y_251": 0.0, "y_252": 0.0, "y_253": 0.0, "y_254": 0.0, "y_255": -124.11237, "y_256": -55.080847, "y_257": 0.0, "y_258": 0.0, "y_259": 0.0, "y_26": 0.0, "y_260": 0.0, "y_261": 0.0, "y_262": 0.0, "y_263": 0.0, "y_264": 0.0, "y_265": 0.0, "y_266": 0.0, "y_267": 0.0, "y_268": 0.0, "y_269": 262.6357, "y_27": 0.0, "y_270": 0.0, "y_271": 0.572883, "y_272": 0.0, "y_273": 0.0, "y_274": 0.0, "y_275": 0.0, "y_276": 0.0, "y_277": -53.83597, "y_278": 0.0, "y_279": -4.551381, "y_28": 0.040096, "y_280": 0.0, "y_281": 0.0, "y_282": 0.0, "y_283": 0.0, "y_284": -9.276971, "y_285": 0.0, "y_286": -67.767788, "y_287": 43.328923, "y_288": -24.438865, "y_289": -41.068512, "y_29": 0.0, "y_290": 0.0, "y_291": 6.524304, "y_292": 0.0, "y_293": 0.0, "y_294": -49.536381, "y_295": 0.0, "y_296": 0.0, "y_297": 0.0, "y_298": 0.0, "y_299": 0.0, "y_3": -8.881502, "y_30": 0.0, "y_300": 0.0, "y_301": 23.596003, "y_302": 0.0, "y_303": 0.0, "y_304": 0.0, "y_305": 0.0, "y_306": 0.0, "y_307": 4.4199775, "y_308": 0.0, "y_309": 0.0, "y_31": -0.026667, "y_310": 0.0, "y_311": 0.0, "y_312": 0.0, "y_313": 0.0, "y_314": 10.745066, "y_315": 0.0, "y_316": 0.0, "y_317": 0.0, "y_318": 4.0046782, "y_319": -4.778853, "y_32": 0.0, "y_320": 0.0, "y_321": 0.0, "y_322": 33.226856, "y_323": 0.0, "y_324": 0.0, "y_325": 0.0, "y_326": 0.0, "y_327": -234.94914, "y_328": 65.559424, "y_329": 0.0, "y_33": 0.0, "y_330": -42.667978, "y_331": -44.249498, "y_332": -44.249498, "y_333": 0.0, "y_334": 0.0, "y_335": 0.0, "y_336": 0.0, "y_337": 0.0, "y_338": -76.234659, "y_339": -8.187552, "y_34": 0.0, "y_340": 0.0, "y_341": 0.0, "y_342": 0.0, "y_343": 0.0, "y_344": 0.0, "y_345": 0.0, "y_346": 6.558795, "y_347": 0.0, "y_348": 0.0, "y_349": 41.134789, "y_35": 0.0, "y_350": 0.0, "y_351": -7.054731, "y_352": 0.0, "y_353": -75.819294, "y_354": 0.0, "y_355": 0.0, "y_356": 0.0, "y_357": 0.0, "y_358": -92.241247, "y_359": -164.8298, "y_36": 0.0, "y_37": -6.039429, "y_38": 0.0, "y_39": -6.039429, "y_4": 0.0, "y_40": 0.0, "y_41": 1.771853, "y_42": 1.771853, "y_43": 164.29849, "y_44": 0.0, "y_45": 0.0, "y_46": 0.0, "y_47": 0.0, "y_48": 0.0, "y_49": 0.0, "y_5": 0.0, "y_50": 0.0, "y_51": 127.14445, "y_52": 0.0, "y_53": 0.0, "y_54": 15.70629, "y_55": 0.0, "y_56": -15.723407, "y_57": 15.486002, "y_58": 0.0, "y_59": 108.56264, "y_6": 0.195472, "y_60": 0.0, "y_61": 0.0, "y_62": -391.23852, "y_63": 0.0, "y_64": 0.0, "y_65": 0.0, "y_66": 0.0, "y_67": 0.0, "y_68": 0.0, "y_69": -1.0541093e-14, "y_7": 0.0, "y_70": 0.0, "y_71": 0.0, "y_72": -345.06164, "y_73": -609.64401, "y_74": 662.0545, "y_75": 52.410488, "y_76": 48.837069, "y_77": 0.0, "y_78": 0.0, "y_79": 0.0, "y_8": -1.192313, "y_80": 0.0, "y_81": 0.0, "y_82": 79.076816, "y_83": -122.06898, "y_84": 182.58328, "y_85": 0.0, "y_86": 0.0, "y_87": 57.004029, "y_88": 594.36744, "y_89": 0.0, "y_9": -0.162469, "y_90": 0.0, "y_91": 2.5065105, "y_92": 0.0, "y_93": 0.0, "y_94": 5.0129953, "y_95": 0.0, "y_96": 0.0, "y_97": 0.0, "y_98": -152.60188, "y_99": 0.0}